segment_id,road_name,corridor,mean_elevation_m,elev_range_m,mean_slope_deg,max_slope_deg,terrain_roughness,mean_curvature,stream_proximity_pct,mean_disp_mm,max_disp_mm,mean_coherence,rock_class,AADT_2022,truck_pct,truck_AADT,std_disp_mm,low_coh_pct,rock_risk_score,geology_enc,landcover_enc,known_unstable,rf_prob,risk_score,risk_category
1,I-40,I-40,320.9,33.6,1.96,4.5,6.93,-0.0049,10.7,3.339,121.262,0.806,carbonate,100854,28.4,28642,,,2,0,2,0,0.0,0.1786,Low
2,I-40,I-40,322.2,38.4,1.93,4.5,6.8,-0.0081,11.0,3.258,120.249,0.791,carbonate,95927,28.4,27243,,,2,0,2,0,0.0,0.1732,Low
3,I-40,I-40,340.1,95.9,3.28,13.43,11.4,-0.0026,11.0,3.214,119.858,0.786,carbonate,102026,27.2,27751,,,2,0,2,0,0.0033333333333333335,0.2021,Low
4,I-40,I-40,358.7,87.4,5.05,13.43,17.15,0.0119,10.4,3.158,121.868,0.73,carbonate,108818,27.3,29707,,,2,0,2,0,0.0,0.2274,Low
5,I-40,I-40,358.1,92.7,4.97,13.43,17.19,0.0036,10.5,2.855,125.638,0.698,carbonate,95182,28.3,26936,,,2,0,2,0,0.0,0.2122,Low
6,I-40,I-40,364.3,112.8,5.67,12.31,20.23,0.0017,10.8,2.72,129.563,0.677,carbonate,95183,25.8,24557,,,2,0,2,0,0.0033333333333333335,0.2204,Low
7,I-40,I-40,366.0,124.3,6.62,14.71,23.87,-0.0009,10.5,2.896,133.523,0.661,carbonate,109254,25.9,28296,,,2,0,2,0,0.06818946352647541,0.2739,Moderate
8,I-40,I-40,331.5,138.9,5.15,15.95,18.87,-0.0177,10.5,2.956,138.145,0.642,carbonate,102955,26.9,27694,,,2,0,2,0,0.036217948717948714,0.2469,Low
9,I-40,I-40,321.0,125.7,4.79,14.03,18.03,-0.0119,10.7,2.917,139.927,0.635,carbonate,93356,27.7,25859,,,2,0,2,0,0.013509615384615384,0.2235,Low
10,I-40,I-40,358.4,142.3,7.59,16.29,26.49,0.0144,11.0,3.01,138.211,0.578,carbonate,101210,28.5,28844,,,2,0,2,0,0.06676787160488348,0.2852,Moderate
11,I-40,I-40,391.7,137.2,8.29,17.6,29.32,0.0135,11.0,3.065,136.874,0.528,carbonate,93403,30.2,28207,,,2,0,2,0,0.09498879705283172,0.2976,Moderate
12,I-40,I-40,403.9,134.6,7.44,17.6,27.2,0.0342,10.4,3.014,137.556,0.569,carbonate,93385,29.3,27361,,,2,0,2,0,0.09662304876346622,0.2864,Moderate
13,I-40,I-40,402.1,105.9,7.37,15.99,26.34,-0.0028,10.5,3.127,140.802,0.55,carbonate,98877,27.8,27487,,,2,0,2,0,0.13185597756798945,0.2992,Moderate
14,I-40,I-40,419.9,173.7,6.2,15.77,21.83,-0.0036,10.8,2.942,141.528,0.575,carbonate,82152,28.0,23002,,,2,0,2,0,0.05174370861870862,0.2472,Low
15,I-40,I-40,459.5,130.1,6.32,14.71,22.14,-0.0062,10.5,2.63,138.036,0.555,carbonate,83614,26.5,22157,,,2,0,2,0,0.029713871426168045,0.2319,Low
16,I-40,I-40,500.5,141.4,7.73,14.71,26.23,0.0043,10.5,2.494,135.523,0.483,clastic_sedimentary,92636,28.0,25938,,,3,1,2,0,0.16177695149247703,0.3357,Moderate
17,I-40,I-40,528.3,89.7,5.54,12.74,19.63,-0.0005,10.7,2.512,135.107,0.483,clastic_sedimentary,89140,27.6,24602,,,3,1,2,0,0.005739538239538239,0.2482,Low
18,I-40,I-40,547.2,90.1,2.87,11.27,10.97,0.0014,11.1,2.812,134.381,0.586,clastic_sedimentary,99438,28.5,28339,,,3,1,2,0,0.006666666666666667,0.2342,Low
19,I-40,I-40,549.3,121.5,4.78,19.13,18.46,0.0336,11.0,3.183,137.775,0.583,clastic_sedimentary,89953,26.8,24107,,,3,1,2,0,0.1261730488685319,0.289,Moderate
20,I-40,I-40,488.0,219.5,10.51,20.84,37.59,-0.0276,10.4,3.57,143.017,0.438,clastic_sedimentary,86040,28.8,24779,,,3,1,2,1,0.9595881566007569,0.6601,High
21,I-40,I-40,475.0,211.2,12.1,20.84,41.94,0.0053,10.5,3.862,145.518,0.409,clastic_sedimentary,108373,30.3,32837,,,3,1,2,1,0.9465355611512148,0.7026,High
22,I-40,I-40,456.3,244.2,10.4,15.5,37.48,0.017,10.7,4.391,146.121,0.418,clastic_sedimentary,95247,27.8,26478,,,3,1,2,1,0.8422407397958197,0.6399,High
23,I-40,I-40,410.5,194.3,10.67,18.05,38.14,-0.0174,10.7,4.663,144.715,0.461,clastic_sedimentary,97524,28.6,27891,,,3,1,2,1,0.8935702668270119,0.6555,High
24,I-40,I-40,409.4,244.6,12.03,22.11,42.91,-0.015,10.5,4.288,136.401,0.456,clastic_sedimentary,85943,29.0,24923,,,3,1,2,1,0.995598219158757,0.6959,High
25,I-40,I-40,428.6,254.7,13.98,22.11,48.83,0.0142,10.8,3.996,133.562,0.421,clastic_sedimentary,84167,27.4,23061,,,3,1,2,1,0.9949513200903027,0.7103,High
26,I-40,I-40,487.8,252.0,12.34,23.14,45.0,0.0456,10.4,3.594,136.298,0.459,clastic_sedimentary,88780,28.3,25124,,,3,1,2,1,0.9625191053122087,0.6867,High
27,I-40,I-40,535.0,173.0,9.26,23.14,35.22,0.0149,10.5,3.396,136.88,0.482,clastic_sedimentary,79897,28.0,22371,,,3,1,2,1,0.9126650498576159,0.6137,High
28,I-40,I-40,554.1,127.0,5.15,21.24,19.22,-0.0021,10.7,3.199,138.618,0.479,clastic_sedimentary,90644,28.1,25470,,,3,1,2,1,0.6827926846103143,0.4968,Moderate
29,I-40,I-40,575.2,48.8,1.81,5.31,7.97,0.0049,13.9,3.155,141.59,0.507,clastic_sedimentary,83771,26.8,22450,,,3,1,2,0,0.0,0.2013,Low
30,I-40,I-40,591.0,50.9,2.93,8.17,10.76,-0.009,10.8,3.206,144.035,0.554,clastic_sedimentary,85946,28.0,24064,,,3,1,2,0,0.0,0.2129,Low
31,I-40,I-40,600.6,52.2,3.49,8.17,12.65,0.005,10.8,3.31,146.612,0.534,clastic_sedimentary,83763,28.7,24039,,,3,1,1,0,0.0,0.2186,Low
32,I-40,I-40,588.2,66.9,4.49,7.96,15.28,0.0069,10.8,3.532,147.338,0.48,clastic_sedimentary,101040,30.2,30514,,,3,1,2,0,0.006666666666666667,0.261,Moderate
33,I-40,I-40,575.0,72.8,4.43,7.8,15.36,0.0011,10.4,3.676,147.729,0.503,clastic_sedimentary,87904,29.4,25843,,,3,1,2,0,0.0,0.2412,Low
34,I-40,I-40,576.7,65.8,3.77,7.86,13.62,-0.0069,10.5,3.127,147.405,0.532,clastic_sedimentary,80553,31.2,25132,,,3,1,2,0,0.0033333333333333335,0.2226,Low
35,I-40,I-40,588.1,53.5,2.71,7.86,10.33,0.0096,10.5,2.79,144.869,0.542,clastic_sedimentary,93790,26.8,25135,,,3,1,2,0,0.0,0.2171,Low
36,I-40,I-40,580.7,70.8,3.35,10.19,12.91,-0.0103,10.7,3.051,140.546,0.525,clastic_sedimentary,79405,29.3,23265,,,3,1,2,0,0.0,0.2151,Low
37,I-40,I-40,576.9,66.6,3.83,10.19,14.09,0.002,11.0,3.684,136.125,0.519,clastic_sedimentary,89470,28.3,25320,,,3,1,2,0,0.0,0.2349,Low
38,I-40,I-40,586.4,63.4,1.98,9.29,7.5,0.0099,10.7,3.715,131.618,0.567,clastic_sedimentary,74203,31.3,23225,,,3,1,2,0,0.006666666666666667,0.2008,Low
39,I-40,I-40,588.6,21.8,0.81,2.14,2.98,0.0003,10.8,3.45,128.785,0.573,clastic_sedimentary,78649,26.8,21077,,,3,1,2,0,0.0,0.1776,Low
40,I-40,I-40,582.9,24.6,1.26,3.66,4.36,0.0027,10.5,3.443,126.299,0.542,clastic_sedimentary,89385,26.7,23865,,,3,1,2,0,0.0033333333333333335,0.1981,Low
41,I-40,I-40,579.6,27.5,1.57,3.66,5.49,0.0062,10.5,3.679,124.958,0.54,clastic_sedimentary,93198,27.1,25256,,,3,1,2,0,0.0,0.2076,Low
42,I-40,I-40,574.9,52.1,2.38,8.4,8.38,0.0029,10.7,3.779,124.584,0.528,clastic_sedimentary,89206,24.8,22123,,,3,1,2,0,0.0,0.2127,Low
43,I-40,I-40,559.6,65.6,3.8,8.58,12.77,-0.0066,10.7,3.874,123.867,0.483,clastic_sedimentary,87185,27.2,23714,,,3,1,2,0,0.0,0.2322,Low
44,I-40,I-40,556.9,66.1,4.07,9.2,14.51,0.0018,10.8,3.399,121.986,0.497,clastic_sedimentary,85880,26.9,23101,,,3,1,2,0,0.0,0.2293,Low
45,I-40,I-40,566.5,65.6,2.95,9.2,11.18,0.001,10.8,2.689,119.171,0.561,clastic_sedimentary,77591,28.2,21880,,,3,1,2,0,0.0,0.2014,Low
46,I-40,I-40,570.2,38.5,2.17,4.38,7.76,0.005,10.7,2.163,117.295,0.578,clastic_sedimentary,82932,28.5,23635,,,3,1,2,0,0.0,0.1907,Low
47,I-40,I-40,569.2,35.3,2.12,4.18,7.57,-0.0022,10.7,2.034,118.211,0.583,clastic_sedimentary,84757,30.8,26105,,,3,1,2,0,0.006666666666666667,0.1962,Low
48,I-40,I-40,563.9,44.4,2.29,4.13,7.8,-0.0068,10.7,2.388,121.121,0.606,clastic_sedimentary,95442,29.4,28059,,,3,1,2,0,0.0033333333333333335,0.2106,Low
49,I-40,I-40,556.6,40.5,2.08,3.91,7.17,-0.0025,10.5,2.349,123.387,0.619,clastic_sedimentary,84254,27.1,22832,,,3,1,2,0,0.0,0.1885,Low
50,I-40,I-40,551.5,36.0,1.93,5.85,7.0,-0.0024,10.8,2.53,123.682,0.602,clastic_sedimentary,70434,26.7,18805,,,3,1,2,0,0.0,0.1717,Low
51,I-40,I-40,553.6,50.8,2.13,6.69,7.63,0.005,10.5,2.646,124.162,0.591,clastic_sedimentary,84125,28.7,24143,,,3,1,2,0,0.0,0.197,Low
52,I-40,I-40,556.4,30.1,1.79,6.69,6.47,0.0038,10.7,1.997,124.822,0.627,clastic_sedimentary,79473,26.0,20662,,,3,1,2,0,0.0,0.1739,Low
53,I-40,I-40,550.6,40.1,1.82,3.56,6.05,-0.0024,11.0,1.754,126.309,0.651,clastic_sedimentary,77559,30.7,23810,,,3,1,2,0,0.0,0.1755,Low
54,I-40,I-40,540.4,29.2,1.89,3.65,6.17,-0.0033,11.0,1.939,128.109,0.626,other,86012,29.8,25631,,,1,3,2,0,0.0,0.1335,Low
55,I-40,I-40,541.1,25.3,1.55,3.06,5.34,-0.0004,10.7,2.035,129.367,0.63,clastic_sedimentary,88763,27.3,24232,,,3,1,2,0,0.0,0.1837,Low
56,I-40,I-40,535.8,72.0,3.01,10.16,10.62,0.0041,10.7,1.937,128.516,0.608,clastic_sedimentary,88109,25.4,22379,,,3,1,2,0,0.0,0.2026,Low
57,I-40,I-40,535.7,77.4,3.35,10.16,12.45,0.0019,10.7,1.896,125.061,0.557,clastic_sedimentary,76494,30.0,22948,,,3,1,2,0,0.0,0.202,Low
58,I-40,I-40,540.8,33.6,1.93,8.41,8.1,0.0069,10.5,1.969,123.66,0.541,clastic_sedimentary,79971,27.8,22231,,,3,1,2,0,0.0,0.1851,Low
59,I-40,I-40,535.7,29.3,1.65,3.83,6.59,0.0001,11.0,1.647,119.5,0.545,clastic_sedimentary,84173,29.9,25167,,,3,1,2,0,0.0,0.1865,Low
60,I-40,I-40,533.7,29.2,1.7,5.32,6.69,0.0028,10.7,1.626,116.314,0.564,clastic_sedimentary,88399,25.6,22630,,,3,1,2,0,0.0,0.1847,Low
61,I-40,I-40,528.7,44.1,1.98,5.32,7.11,-0.0062,10.7,1.301,120.358,0.532,clastic_sedimentary,78856,27.1,21369,,,3,1,2,0,0.0,0.1791,Low
62,I-40,I-40,528.5,56.3,2.26,7.01,8.72,0.0079,10.7,0.793,125.435,0.5,clastic_sedimentary,80782,28.0,22618,,,3,1,2,0,0.0,0.1861,Low
63,I-40,I-40,529.7,78.0,3.51,16.8,14.17,0.0216,10.8,1.314,128.379,0.448,clastic_sedimentary,74742,28.1,21002,,,3,1,2,0,0.009667247893054344,0.2059,Low
64,I-40,I-40,513.1,138.1,6.02,19.0,22.51,0.0001,10.7,2.223,125.657,0.425,clastic_sedimentary,74152,27.3,20243,,,3,1,2,1,0.7023615380993787,0.4883,Moderate
65,I-40,I-40,497.0,124.2,7.44,19.4,26.73,-0.009,10.7,2.055,123.254,0.442,clastic_sedimentary,87330,28.9,25238,,,3,1,2,1,0.839371044240166,0.5629,High
66,I-40,I-40,507.0,126.5,6.38,19.89,24.01,0.0201,10.5,1.494,129.734,0.441,clastic_sedimentary,90896,26.4,23996,,,3,1,2,1,0.8028342654937508,0.538,High
67,I-40,I-40,503.8,138.3,6.81,19.97,25.04,0.0471,10.7,1.416,143.148,0.434,clastic_sedimentary,81527,27.8,22664,,,3,1,2,0,0.4109716420175718,0.3966,Moderate
68,I-40,I-40,479.8,128.2,8.26,19.97,29.48,-0.0077,10.5,1.247,142.627,0.436,clastic_sedimentary,88583,28.2,24980,,,3,1,2,1,0.8388301023145915,0.5657,High
69,I-40,I-40,493.5,154.9,6.25,18.05,22.48,0.0025,10.7,0.795,131.84,0.504,clastic_sedimentary,84372,28.8,24299,,,3,1,2,0,0.15387790533522042,0.2992,Moderate
70,I-40,I-40,502.0,85.6,4.4,10.84,15.79,0.0025,10.8,0.42,128.396,0.604,clastic_sedimentary,77768,29.1,22630,,,3,1,2,0,0.0,0.1992,Low
71,I-40,I-40,495.3,75.7,4.05,10.84,14.02,0.0042,10.7,0.442,130.862,0.671,clastic_sedimentary,84370,26.3,22189,,,3,1,2,0,0.0,0.1942,Low
72,I-40,I-40,483.2,67.5,3.32,7.75,11.61,0.0145,10.8,0.375,133.64,0.69,clastic_sedimentary,60644,25.7,15585,,,3,1,2,0,0.0,0.155,Low
73,I-40,I-40,462.5,73.7,3.68,7.75,12.63,0.0005,11.0,0.256,136.387,0.616,clastic_sedimentary,53845,29.9,16099,,,3,1,2,0,0.0,0.1582,Low
74,I-40,I-40,457.1,76.5,3.99,9.59,14.52,-0.0049,10.8,0.542,140.389,0.526,clastic_sedimentary,60759,28.5,17316,,,3,1,2,0,0.0,0.1776,Low
75,I-40,I-40,473.1,95.2,3.43,9.59,12.91,-0.0055,10.7,1.217,139.142,0.518,clastic_sedimentary,42682,26.9,11481,,,3,1,2,0,0.0033333333333333335,0.1589,Low
76,I-40,I-40,505.8,103.2,4.97,14.91,17.46,0.0123,10.8,1.749,133.196,0.527,clastic_sedimentary,57550,30.3,17437,,,3,1,2,0,0.0033333333333333335,0.1988,Low
77,I-40,I-40,523.6,102.3,6.17,15.22,20.76,0.0156,10.7,2.107,137.856,0.539,clastic_sedimentary,54376,28.2,15334,,,3,1,2,0,0.005411138411138412,0.2059,Low
78,I-40,I-40,512.5,89.7,3.56,8.37,12.78,-0.0028,10.8,2.158,152.511,0.545,clastic_sedimentary,52708,29.8,15706,,,3,1,2,0,0.0,0.1777,Low
79,I-40,I-40,500.1,64.5,3.07,10.05,12.58,0.0047,10.7,2.468,159.141,0.516,clastic_sedimentary,54396,28.1,15285,,,3,1,2,0,0.0033333333333333335,0.1767,Low
80,I-40,I-40,476.2,144.5,6.07,20.19,23.0,0.0169,10.8,2.787,158.202,0.469,clastic_sedimentary,45413,31.1,14123,,,3,1,2,0,0.2631967914836958,0.3055,Moderate
81,I-40,I-40,457.5,132.7,7.33,20.19,27.03,0.0265,10.8,2.974,159.348,0.422,clastic_sedimentary,53051,30.6,16233,,,3,1,2,1,0.8678316463805267,0.5406,High
82,I-40,I-40,465.3,185.8,7.06,18.1,25.5,-0.0014,10.8,2.528,160.607,0.423,clastic_sedimentary,55542,27.6,15329,,,3,1,2,1,0.7968055165483808,0.5181,High
83,I-40,I-40,499.6,138.7,6.37,15.3,22.86,-0.0047,11.0,2.199,160.819,0.441,clastic_sedimentary,60384,29.5,17813,,,3,1,2,0,0.1712149875727567,0.2889,Moderate
84,I-40,I-40,529.3,82.3,4.5,12.47,16.06,0.0,10.8,2.3,153.724,0.451,clastic_sedimentary,51761,29.0,15010,,,3,1,2,0,0.0,0.1904,Low
85,I-40,I-40,549.8,78.3,3.77,8.26,13.13,0.0056,10.5,2.468,154.501,0.455,clastic_sedimentary,50507,30.1,15202,,,3,1,2,0,0.0,0.1827,Low
86,I-40,I-40,573.6,60.5,3.29,8.26,11.66,0.0138,10.7,2.17,161.069,0.495,clastic_sedimentary,51832,26.6,13787,,,3,1,2,0,0.0,0.1695,Low
87,I-40,I-40,564.5,79.3,3.37,10.2,11.84,0.0071,10.8,1.763,162.623,0.518,clastic_sedimentary,57954,29.0,16806,,,3,1,2,0,0.0,0.1784,Low
88,I-40,I-40,523.1,136.5,5.09,13.04,17.99,0.0032,10.4,1.851,162.711,0.479,clastic_sedimentary,55420,29.6,16404,,,3,1,2,0,0.017909125188536955,0.211,Low
89,I-40,I-40,492.7,83.7,5.39,13.04,19.19,-0.0178,10.5,1.81,167.243,0.47,clastic_sedimentary,51711,25.4,13134,,,3,1,2,0,0.0033333333333333335,0.1923,Low
90,I-40,I-40,503.0,107.6,4.55,11.64,16.43,-0.0145,10.7,2.07,170.151,0.496,clastic_sedimentary,56217,26.2,14728,,,3,1,2,0,0.0,0.1938,Low
91,I-40,I-40,544.2,173.3,5.91,12.55,21.31,-0.0127,10.7,2.71,166.264,0.475,clastic_sedimentary,54419,24.9,13550,,,3,1,2,0,0.031634615384615386,0.2316,Low
92,I-40,I-40,608.6,149.0,6.34,12.55,22.83,0.0104,10.8,2.856,159.357,0.49,clastic_sedimentary,58184,27.6,16058,,,3,1,1,1,0.5933540052570504,0.4356,Moderate
93,I-40,I-40,625.9,113.0,6.35,13.81,22.02,0.0164,10.7,2.269,154.781,0.474,clastic_sedimentary,50967,29.1,14831,,,3,1,1,0,0.026309609250398724,0.2191,Low
94,I-40,I-40,590.3,124.3,7.09,13.81,22.99,-0.0152,10.8,1.967,156.5,0.477,clastic_sedimentary,52584,30.3,15932,,,3,1,2,0,0.14547009943126168,0.2684,Moderate
95,I-40,I-40,547.2,152.1,6.11,11.41,20.85,0.0123,11.0,2.361,155.783,0.476,clastic_sedimentary,52306,28.1,14697,,,3,1,2,0,0.058866001645413404,0.2356,Low
96,I-40,I-40,490.1,123.3,4.9,11.41,17.56,0.0123,10.5,2.53,155.788,0.442,clastic_sedimentary,45028,30.4,13688,,,3,1,2,0,0.006491228070175439,0.1982,Low
97,I-40,I-40,444.8,96.4,3.83,6.44,13.39,-0.002,10.5,2.506,159.321,0.478,clastic_sedimentary,52208,25.9,13521,,,3,1,2,0,0.006666666666666667,0.1861,Low
98,I-40,I-40,420.1,95.1,4.26,8.56,14.52,0.001,10.5,2.584,160.588,0.465,clastic_sedimentary,52065,25.4,13224,,,3,1,2,0,0.0,0.188,Low
99,I-40,I-40,395.5,106.4,5.46,8.73,18.99,-0.0015,10.5,2.475,161.241,0.41,clastic_sedimentary,51020,27.9,14234,,,3,1,2,0,0.0,0.205,Low
100,I-40,I-40,361.3,130.6,7.01,17.05,24.37,-0.0027,10.5,2.754,164.337,0.382,clastic_sedimentary,50042,28.6,14312,,,3,1,2,0,0.25782388880550916,0.3171,Moderate
101,I-40,I-40,339.0,106.6,7.34,17.05,24.62,0.007,10.7,2.875,165.257,0.405,clastic_sedimentary,45225,28.0,12663,,,3,1,2,1,0.7543000612119526,0.4821,Moderate
102,I-40,I-40,335.8,108.5,6.46,16.08,22.23,0.0177,10.4,2.678,166.484,0.456,clastic_sedimentary,49283,24.9,12271,,,3,1,2,0,0.04309906746614753,0.2238,Low
103,I-40,I-40,352.2,141.4,7.34,13.43,24.48,-0.0004,10.4,2.468,165.102,0.495,clastic_sedimentary,49601,27.9,13838,,,3,1,2,0,0.25392097037259176,0.3092,Moderate
104,I-40,I-40,401.8,139.3,6.1,13.35,22.56,0.0087,11.0,2.433,159.376,0.5,clastic_sedimentary,47726,26.0,12408,,,3,1,2,0,0.07016019312665654,0.2312,Low
105,I-40,I-40,411.9,128.9,6.71,15.14,24.48,0.0297,11.0,2.858,157.661,0.442,clastic_sedimentary,50341,29.0,14598,,,3,1,2,1,0.7409014658408615,0.4822,Moderate
106,I-40,I-40,354.4,202.3,8.89,18.88,31.09,0.0096,10.8,3.015,162.057,0.412,clastic_sedimentary,52648,28.5,15004,,,3,1,2,1,0.9439681395323243,0.5904,High
107,I-40,I-40,301.8,177.6,9.12,18.88,31.45,-0.0022,10.8,2.88,169.265,0.444,clastic_sedimentary,58695,26.6,15612,,,3,1,2,1,0.9584913905080251,0.5959,High
108,I-40,I-40,296.4,134.1,8.01,16.12,27.14,-0.0148,10.8,3.091,174.992,0.464,clastic_sedimentary,51712,27.2,14065,,,3,1,0,1,0.7807838823982308,0.5079,High
109,I-40,I-40,313.8,96.5,6.55,14.47,21.49,0.018,10.8,3.083,175.439,0.44,clastic_sedimentary,52050,26.4,13741,,,3,1,2,0,0.055460925039872405,0.2345,Low
110,I-40,I-40,323.9,75.1,4.43,10.31,15.77,0.0074,10.5,2.362,173.792,0.449,clastic_sedimentary,50696,27.9,14144,,,3,1,2,0,0.0,0.1868,Low
111,I-40,I-40,335.0,60.5,3.69,8.66,13.91,-0.0072,10.7,1.935,167.826,0.494,clastic_sedimentary,43171,29.4,12692,,,3,1,2,0,0.0,0.1639,Low
112,I-40,I-40,352.2,80.3,5.09,11.62,17.42,-0.0108,10.8,2.932,156.194,0.493,clastic_sedimentary,50891,26.5,13486,,,3,1,2,0,0.0,0.194,Low
113,I-40,I-40,361.3,173.7,9.0,22.91,32.05,-0.0327,10.5,3.567,155.274,0.454,clastic_sedimentary,51245,28.8,14758,,,3,1,2,1,0.9523443045670184,0.5906,High
114,I-40,I-40,378.4,258.6,13.98,25.96,49.25,-0.003,10.7,3.52,160.943,0.406,clastic_sedimentary,61050,27.2,16605,,,3,1,2,1,0.9892080768470595,0.6779,High
115,I-40,I-40,364.3,254.6,14.75,25.96,52.61,0.0299,10.7,3.27,163.286,0.393,clastic_sedimentary,50215,26.8,13457,,,3,1,2,1,0.9864350599277013,0.6696,High
116,I-40,I-40,296.3,236.9,9.69,24.39,35.97,-0.0088,10.5,3.406,168.411,0.486,clastic_sedimentary,52230,27.8,14519,,,3,1,0,1,0.9329673293918349,0.5997,High
117,I-40,I-40,253.5,100.2,6.25,19.96,24.1,-0.0247,10.7,3.867,173.398,0.524,clastic_sedimentary,50858,26.4,13426,,,3,1,0,0,0.23299491328467184,0.2981,Moderate
118,I-40,I-40,257.5,93.7,6.22,15.98,23.43,-0.0146,10.7,4.211,172.584,0.522,clastic_sedimentary,46231,27.2,12574,,,3,1,0,0,0.10609365172089365,0.2494,Low
119,I-40,I-40,261.7,89.2,6.61,15.98,25.55,-0.0413,10.7,4.442,167.422,0.51,carbonate,52388,26.2,13725,,,2,0,0,1,0.728765385657021,0.4538,Moderate
120,I-40,I-40,260.7,91.3,6.05,19.61,22.99,-0.013,10.8,4.637,168.822,0.491,clastic_sedimentary,50887,30.9,15724,,,3,1,0,1,0.7694553337537606,0.4937,Moderate
121,I-40,I-40,268.6,100.7,5.81,13.87,21.65,-0.0093,10.8,4.734,166.081,0.509,clastic_sedimentary,51037,28.1,14341,,,3,1,0,0,0.027008544087491457,0.23,Low
122,I-40,I-40,288.6,103.8,5.64,10.93,20.78,-0.0003,10.8,4.352,165.778,0.495,clastic_sedimentary,44507,27.0,12016,,,3,1,0,0,0.00030303030303030303,0.2082,Low
123,I-40,I-40,296.3,92.1,5.66,11.68,19.97,0.0107,10.7,4.616,167.166,0.438,clastic_sedimentary,53386,28.3,15108,,,3,1,0,0,0.023517316017316017,0.2311,Low
124,I-40,I-40,272.4,111.4,4.05,10.17,15.32,-0.0014,10.5,5.337,168.634,0.455,clastic_sedimentary,42616,27.8,11847,,,3,1,0,0,0.016666666666666666,0.2084,Low
125,I-40,I-40,253.1,96.6,3.78,13.91,14.53,0.0017,10.7,5.438,165.98,0.527,clastic_sedimentary,50253,27.7,13920,,,3,1,0,0,0.006666666666666667,0.2059,Low
126,I-40,I-40,254.9,100.7,5.25,13.91,19.07,0.0102,10.7,4.75,162.501,0.537,carbonate,56411,28.9,16302,,,2,0,0,0,0.0033333333333333335,0.1949,Low
127,I-40,I-40,251.8,102.0,5.72,14.69,21.57,-0.0107,10.7,4.701,168.83,0.533,carbonate,44196,29.1,12861,,,2,0,0,0,0.006794258373205742,0.1864,Low
128,I-40,I-40,276.2,131.7,6.49,15.43,23.45,0.0087,10.8,5.183,172.625,0.506,carbonate,45825,27.2,12464,,,2,0,0,0,0.15513030608234832,0.2556,Moderate
129,I-40,I-40,297.0,108.9,6.68,13.4,23.1,0.0218,10.8,4.774,168.293,0.414,carbonate,48382,27.1,13111,,,2,0,0,1,0.6946995346728573,0.4468,Moderate
130,I-40,I-40,269.0,116.5,4.06,10.77,15.32,0.0054,10.7,4.625,166.288,0.413,carbonate,46066,27.6,12714,,,2,0,0,0,0.006666666666666667,0.1803,Low
131,I-40,I-40,246.9,52.0,3.35,14.94,13.64,-0.0217,10.4,4.149,165.971,0.473,carbonate,42045,24.5,10301,,,2,0,0,0,0.0,0.1472,Low
132,I-40,I-40,257.8,90.9,4.44,16.08,17.36,-0.0177,10.5,3.617,162.955,0.491,carbonate,48263,25.7,12403,,,2,0,0,0,0.01644144144144144,0.1728,Low
133,I-40,I-40,281.3,95.6,5.57,13.66,20.36,0.0087,10.8,3.584,158.49,0.421,carbonate,43920,30.1,13219,,,2,0,0,0,0.00030303030303030303,0.1794,Low
134,I-40,I-40,284.3,83.9,4.67,12.58,17.45,-0.001,10.7,4.295,153.899,0.398,carbonate,49818,30.5,15194,,,2,0,0,0,0.0,0.1838,Low
135,I-40,I-40,283.5,83.9,4.15,10.18,15.23,0.0024,10.8,5.215,151.171,0.444,carbonate,44469,27.6,12273,,,2,0,0,0,0.0033333333333333335,0.1749,Low
136,I-40,I-40,299.0,105.0,4.84,10.18,17.29,0.0172,11.1,5.611,167.68,0.42,carbonate,53951,28.9,15591,,,2,0,0,0,0.016666666666666666,0.2066,Low
137,I-40,I-40,296.7,101.6,4.81,11.37,18.03,0.0081,10.7,5.502,177.478,0.452,carbonate,44992,28.5,12822,,,2,0,0,0,0.0033333333333333335,0.1877,Low
138,I-40,I-40,302.1,74.6,4.53,11.37,16.67,-0.002,10.3,5.378,180.356,0.492,carbonate,46763,32.6,15244,,,2,0,2,0,0.006666666666666667,0.1833,Low
139,I-40,I-40,312.0,74.9,4.9,10.57,17.48,0.0082,10.5,4.976,175.892,0.404,carbonate,51123,29.7,15183,,,2,0,2,0,0.013333333333333334,0.1942,Low
140,I-40,I-40,296.8,99.8,5.23,10.86,18.59,0.0024,10.5,3.657,159.45,0.386,carbonate,43273,27.8,12029,,,2,0,0,0,0.0,0.1763,Low
141,I-40,I-40,278.7,97.8,5.62,13.97,20.76,0.0196,10.7,2.656,147.41,0.422,carbonate,48873,26.6,13000,,,2,0,0,0,0.003636363636363636,0.1781,Low
142,I-40,I-40,276.5,99.5,6.14,13.97,22.66,0.0088,11.0,2.978,153.834,0.409,carbonate,53019,25.6,13572,,,2,0,0,0,0.0756959706959707,0.2161,Low
143,I-40,I-40,266.7,99.5,4.71,12.38,16.43,0.0036,21.6,3.412,164.589,0.366,carbonate,37470,28.3,10604,,,2,0,0,0,0.0,0.1634,Low
144,I-40,I-40,248.8,31.3,2.36,7.87,9.88,-0.0082,43.2,3.366,165.472,0.341,carbonate,43635,26.9,11737,,,2,0,0,0,0.0,0.1396,Low
145,I-40,I-40,254.3,46.5,3.28,7.71,11.67,-0.0023,34.7,3.132,170.696,0.351,carbonate,43893,25.9,11368,,,2,0,0,0,0.0,0.1464,Low
146,I-40,I-40,262.8,60.1,4.3,7.71,14.73,0.0011,18.7,2.748,180.897,0.418,carbonate,45689,27.0,12336,,,2,0,0,0,0.0,0.1537,Low
147,I-40,I-40,258.5,57.5,3.45,7.37,13.49,0.0032,21.3,2.951,181.869,0.438,carbonate,38744,26.4,10228,,,2,0,0,0,0.0,0.1387,Low
148,I-40,I-40,258.2,64.4,4.17,13.68,15.35,-0.0128,18.7,4.005,178.362,0.377,carbonate,38457,30.5,11729,,,2,0,0,0,0.0033333333333333335,0.1611,Low
149,I-40,I-40,272.6,76.3,5.18,13.68,18.32,-0.0139,10.7,-3.318,169.261,0.407,carbonate,44795,29.3,13124,,,2,0,0,0,0.0033333333333333335,0.1722,Low
150,I-40,I-40,289.8,75.5,4.05,11.59,14.52,0.0065,10.8,,,,carbonate,44021,28.0,12325,,,2,0,0,0,0.0,0.0969,Low
151,I-40,I-40,301.7,64.4,2.89,7.92,10.65,0.0072,10.8,,,,carbonate,43861,30.2,13246,,,2,0,2,0,0.0,0.0856,Low
152,I-40,I-40,304.3,43.9,2.4,5.92,9.74,-0.0062,10.7,,,,carbonate,44191,28.1,12417,,,2,0,2,0,0.0,0.0774,Low
153,I-40,I-40,315.6,106.4,3.83,11.71,14.02,-0.0094,10.8,,,,carbonate,40660,26.7,10856,,,2,0,2,0,0.0,0.0951,Low
154,I-40,I-40,336.6,99.9,4.71,11.71,16.35,0.0116,10.7,,,,carbonate,43798,30.3,13270,,,2,0,2,0,0.0,0.108,Low
155,I-40,I-40,338.8,59.6,3.78,7.77,13.67,-0.0031,11.1,,,,carbonate,44008,28.8,12674,,,2,0,2,0,0.0,0.0924,Low
156,I-40,I-40,322.0,74.9,2.67,7.4,10.58,-0.0049,11.0,,,,carbonate,40542,26.4,10703,,,2,0,2,0,0.0,0.0793,Low
157,I-40,I-40,312.1,50.3,2.73,8.18,10.37,-0.0161,10.7,,,,carbonate,49418,27.7,13688,,,2,0,2,0,0.0,0.0872,Low
158,I-40,I-40,325.4,62.6,3.79,11.29,12.32,0.0129,10.5,,,,carbonate,44629,26.7,11915,,,2,0,2,0,0.0,0.0906,Low
159,I-40,I-40,333.7,49.7,3.46,11.29,11.03,0.0165,10.5,,,,carbonate,38901,25.9,10075,,,2,0,2,0,0.0,0.0777,Low
160,I-40,I-40,324.9,59.2,2.6,6.46,8.77,0.0112,10.5,,,,carbonate,45258,29.4,13305,,,2,0,2,0,0.0,0.0822,Low
161,I-40,I-40,310.8,50.3,2.0,3.88,7.43,0.0029,10.7,,,,carbonate,39647,30.9,12250,,,2,0,2,0,0.0,0.0697,Low
162,I-40,I-40,302.5,32.4,1.7,3.52,6.41,-0.0005,11.0,,,,carbonate,45707,25.9,11838,,,2,0,2,0,0.0,0.0681,Low
163,I-40,I-40,298.7,28.3,1.72,3.52,6.29,0.0034,11.0,,,,carbonate,46985,28.8,13531,,,2,0,0,0,0.0,0.0711,Low
164,I-40,I-40,294.2,34.1,2.25,4.54,7.4,0.0012,10.7,,,,carbonate,40176,27.0,10847,,,2,0,0,0,0.0,0.0665,Low
165,I-40,I-40,296.5,41.9,2.64,4.57,8.54,0.0063,10.7,,,,carbonate,46314,27.3,12643,,,2,0,0,0,0.0,0.079,Low
166,I-40,I-40,302.1,36.7,2.36,4.57,8.03,-0.0008,10.8,,,,carbonate,42353,27.1,11477,,,2,0,2,0,0.0,0.071,Low
167,I-40,I-40,305.0,34.8,2.37,4.96,7.97,-0.0002,10.7,,,,carbonate,43696,26.7,11666,,,2,0,2,0,0.0,0.0721,Low
168,I-40,I-40,301.2,44.1,2.48,5.66,8.28,-0.0044,10.8,,,,carbonate,47221,28.1,13269,,,2,0,2,0,0.0,0.08,Low
169,I-40,I-40,292.1,50.1,2.72,5.86,9.2,-0.0034,10.8,,,,carbonate,40195,26.8,10772,,,2,0,0,0,0.0,0.0737,Low
170,I-40,I-40,283.5,47.4,3.0,7.05,9.79,0.0084,10.7,,,,carbonate,38527,28.4,10941,,,2,0,0,0,0.0,0.0744,Low
171,I-40,I-40,276.9,58.5,2.86,8.67,10.24,0.0101,10.8,,,,carbonate,38082,27.9,10624,,,2,0,0,0,0.0,0.0752,Low
172,I-40,I-40,272.8,70.7,3.66,10.32,12.9,0.0031,10.7,,,,carbonate,38324,27.6,10577,,,2,0,0,0,0.0,0.0847,Low
173,I-40,I-40,268.3,70.7,4.16,10.32,13.88,0.0112,14.7,,,,carbonate,40747,26.6,10838,,,2,0,0,0,0.0,0.0909,Low
174,I-40,I-40,258.3,52.1,3.26,9.55,11.84,-0.0043,21.3,,,,carbonate,42118,27.1,11413,,,2,0,0,0,0.0,0.0826,Low
175,I-40,I-40,260.4,59.8,4.04,11.57,14.18,-0.0041,23.3,,,,carbonate,41907,29.1,12194,,,2,0,0,0,0.0,0.092,Low
176,I-40,I-40,265.6,70.8,5.16,12.47,17.73,-0.0084,16.7,,,,carbonate,43713,28.8,12589,,,2,0,0,0,0.0,0.1061,Low
177,I-40,I-40,274.5,79.1,5.26,12.47,18.85,0.0043,10.5,,,,carbonate,41042,26.5,10876,,,2,0,0,0,0.0,0.1044,Low
178,I-40,I-40,279.7,75.1,3.56,8.05,13.88,0.0007,10.5,,,,carbonate,45767,28.1,12860,,,2,0,0,0,0.0,0.0956,Low
179,I-40,I-40,279.9,55.7,2.28,7.68,8.74,-0.0058,10.8,,,,carbonate,40131,29.1,11678,,,2,0,0,0,0.0,0.0731,Low
180,I-40,I-40,282.8,55.5,2.12,6.52,8.04,0.0022,10.7,,,,carbonate,49922,25.5,12730,,,2,0,0,0,0.0,0.0808,Low
181,I-40,I-40,296.5,72.8,3.57,8.26,12.36,0.019,10.8,,,,carbonate,43052,28.8,12398,,,2,0,0,0,0.0033333333333333335,0.0918,Low
182,I-40,I-40,297.9,69.3,3.77,8.72,13.16,0.0013,10.7,,,,carbonate,38188,27.0,10310,,,2,0,0,0,0.0,0.0849,Low
183,I-40,I-40,289.9,53.3,2.3,8.72,8.52,-0.0083,10.8,,,,carbonate,37487,28.9,10833,,,2,0,0,0,0.0,0.0691,Low
184,I-40,I-40,289.1,17.1,1.32,3.24,5.01,0.0001,10.4,,,,carbonate,42582,26.9,11454,,,2,0,0,0,0.0,0.0588,Low
185,I-40,I-40,294.1,37.3,1.69,8.99,7.36,-0.0055,10.5,,,,carbonate,40267,25.3,10187,,,2,0,0,0,0.0,0.063,Low
186,I-40,I-40,310.8,83.5,3.78,11.83,14.12,-0.0045,11.0,,,,carbonate,43341,25.6,11095,,,2,0,2,0,0.0,0.0937,Low
187,I-40,I-40,318.2,80.7,4.7,11.83,17.25,0.0122,10.8,,,,carbonate,42552,28.1,11957,,,2,0,2,0,0.0,0.1027,Low
188,I-40,I-40,303.7,98.0,3.71,9.97,13.11,0.0058,10.8,,,,carbonate,40761,28.4,11576,,,2,0,2,0,0.0,0.0933,Low
189,I-40,I-40,290.5,57.1,2.14,6.0,8.12,-0.0023,10.5,,,,carbonate,38222,26.6,10167,,,2,0,0,0,0.0,0.0679,Low
190,I-40,I-40,289.7,39.2,1.85,4.4,6.65,0.0016,10.5,,,,carbonate,78214,23.0,17989,,,2,0,0,0,0.0,0.1059,Low
191,I-40,I-40,294.1,44.1,2.18,4.97,7.93,0.0094,10.7,,,,carbonate,85820,19.5,16734,,,2,0,0,0,0.0,0.114,Low
192,I-40,I-40,297.2,40.5,2.26,4.78,8.54,0.0012,10.7,,,,carbonate,95097,21.9,20826,,,2,0,0,0,0.0,0.1285,Low
193,I-40,I-40,299.2,84.1,3.41,11.23,12.33,0.0077,10.5,,,,carbonate,90524,20.2,18285,,,2,0,0,0,0.0,0.1386,Low
194,I-40,I-40,301.1,85.3,4.64,12.83,16.24,0.0047,10.7,,,,carbonate,80130,21.0,16827,,,2,0,2,0,0.0,0.1395,Low
195,I-40,I-40,309.3,88.1,4.8,12.83,17.09,0.0002,10.8,,,,carbonate,90233,22.1,19941,,,2,0,2,0,0.0,0.1548,Low
196,I-40,I-40,339.9,125.3,5.94,14.24,20.72,-0.0097,10.5,,,,carbonate,91743,20.7,18990,,,2,0,2,0,0.008888888888888889,0.1741,Low
197,I-40,I-40,358.0,100.0,5.79,12.63,21.08,0.0228,11.0,,,,carbonate,82706,21.4,17699,,,2,0,2,0,0.013333333333333334,0.1619,Low
198,I-40,I-40,333.1,107.4,3.67,12.63,14.2,-0.0091,10.7,,,,carbonate,90094,23.5,21172,,,2,0,2,0,0.0,0.1504,Low
199,I-40,I-40,327.0,75.9,3.58,10.04,12.93,-0.0083,10.8,,,,carbonate,89414,21.1,18866,,,2,0,2,0,0.0,0.1389,Low
200,I-40,I-40,331.4,77.8,4.12,8.26,14.46,-0.0032,11.0,,,,carbonate,80862,23.3,18840,,,2,0,2,0,0.0,0.1372,Low
201,I-40,I-40,311.8,79.0,3.4,6.79,11.54,-0.0097,10.8,,,,carbonate,91547,20.3,18584,,,2,0,2,0,0.0,0.1381,Low
202,I-40,I-40,296.0,49.0,2.52,5.55,9.05,-0.0048,11.0,,,,carbonate,92992,22.8,21202,,,2,0,0,0,0.0,0.1309,Low
203,I-40,I-40,293.8,42.3,2.52,6.46,9.58,-0.0044,10.8,,,,carbonate,96711,24.2,23404,,,2,0,0,0,0.0,0.1369,Low
204,I-40,I-40,306.6,65.2,3.67,9.36,14.38,0.0006,10.8,,,,carbonate,96503,18.3,17660,,,2,0,2,0,0.0,0.143,Low
205,I-40,I-40,324.1,96.8,4.79,10.18,18.74,0.0041,10.8,,,,carbonate,79190,20.8,16471,,,2,0,2,0,0.0,0.1438,Low
206,I-40,I-40,320.2,89.8,4.65,10.18,18.29,0.0004,10.7,,,,other,82322,22.9,18851,,,1,3,2,0,0.0,0.121,Low
207,I-40,I-40,312.4,96.4,4.72,9.65,18.63,0.0057,10.8,,,,other,92667,21.7,20108,,,1,3,2,0,0.0,0.1331,Low
208,I-40,I-40,320.4,96.4,4.83,10.56,19.91,0.0097,10.8,,,,other,92658,22.6,20940,,,1,3,2,0,0.0,0.1365,Low
209,I-40,I-40,325.4,84.9,4.2,10.56,17.32,0.0106,10.8,,,,other,92667,21.1,19552,,,1,3,2,0,0.0,0.1259,Low
210,I-40,I-40,311.5,75.8,3.99,10.46,15.57,0.0068,10.7,,,,other,116431,22.1,25731,,,1,3,2,0,0.0,0.1501,Low
211,I-40,I-40,299.7,62.9,3.33,7.29,13.36,0.003,10.7,,,,other,93064,21.8,20287,,,1,3,0,0,0.0,0.1145,Low
212,I-40,I-40,304.7,72.5,3.2,6.56,12.26,-0.0077,10.4,,,,other,97085,23.8,23106,,,1,3,2,0,0.0,0.1218,Low
213,I-40,I-40,315.0,60.7,3.2,6.64,12.33,0.005,10.7,,,,other,102250,22.4,22904,,,1,3,2,0,0.0,0.1237,Low
214,I-40,I-40,314.1,73.2,3.2,6.7,13.08,0.0057,10.8,,,,other,99950,22.5,22488,,,1,3,2,0,0.0,0.1241,Low
215,I-40,I-40,303.1,75.6,2.94,6.7,12.13,-0.0014,10.8,,,,other,92603,21.4,19817,,,1,3,2,0,0.0,0.1119,Low
216,I-40,I-40,293.6,63.2,3.24,12.81,13.47,-0.0137,10.7,,,,other,100768,21.3,21463,,,1,3,0,0,0.0,0.1222,Low
217,I-40,I-40,303.3,80.7,4.26,12.81,18.02,-0.0161,10.5,,,,other,89126,21.4,19072,,,1,3,2,0,0.0,0.1228,Low
218,I-40,I-40,313.5,80.7,4.89,9.73,19.49,0.0041,10.7,,,,other,93200,22.6,21063,,,1,3,2,0,0.0,0.1344,Low
219,I-40,I-40,312.1,69.5,4.4,9.5,16.8,0.0122,10.4,,,,other,91311,21.4,19540,,,1,3,2,0,0.0,0.1228,Low
220,I-40,I-40,296.1,73.3,2.73,8.42,10.77,-0.0051,10.5,,,,other,95622,22.4,21419,,,1,3,0,0,0.0,0.1138,Low
221,I-40,I-40,282.7,35.2,1.64,6.42,6.54,-0.0069,10.7,,,,other,112591,25.1,28260,,,1,3,0,0,0.0,0.1212,Low
222,I-40,I-40,284.0,56.7,2.12,7.61,8.19,-0.0012,10.8,,,,other,80808,23.3,18828,,,1,3,0,0,0.0,0.0888,Low
223,I-40,I-40,292.2,52.8,2.99,7.61,10.85,0.0035,10.8,,,,other,100215,21.5,21546,,,1,3,0,0,0.0,0.1157,Low
224,I-40,I-40,293.5,39.3,2.42,5.98,8.66,-0.0022,10.8,,,,carbonate,82743,23.8,19692,,,2,0,0,0,0.0,0.1177,Low
225,I-40,I-40,299.5,36.6,1.71,3.53,6.13,0.0032,10.7,,,,carbonate,91413,21.4,19562,,,2,0,0,0,0.0,0.1171,Low
226,I-40,I-40,306.8,30.3,1.89,4.05,6.49,0.001,10.7,,,,carbonate,103276,18.9,19519,,,2,0,2,0,0.0,0.1267,Low
227,I-40,I-40,312.8,33.8,2.0,4.05,6.92,-0.0022,10.7,,,,carbonate,95488,20.5,19575,,,2,0,2,0,0.0,0.1224,Low
228,I-40,I-40,317.5,47.5,2.59,7.96,8.63,0.0061,10.5,,,,carbonate,86809,19.2,16667,,,2,0,2,0,0.0,0.1182,Low
229,I-40,I-40,308.1,55.2,2.95,7.96,10.22,0.0023,10.7,,,,carbonate,89563,21.5,19256,,,2,0,2,0,0.0,0.1297,Low
230,I-40,I-40,307.6,43.6,2.25,7.96,8.09,-0.0021,11.0,,,,carbonate,100164,22.0,22036,,,2,0,2,0,0.0,0.1344,Low
231,I-40,I-40,322.1,33.4,1.44,3.74,5.56,0.003,10.5,,,,carbonate,89449,24.5,21915,,,2,0,2,0,0.0,0.1167,Low
232,I-40,I-40,321.1,43.4,2.21,5.12,8.56,-0.0018,10.5,,,,carbonate,96645,22.5,21745,,,2,0,2,0,0.0,0.1314,Low
233,I-40,I-40,322.2,78.3,4.08,12.24,15.84,-0.0146,11.0,,,,carbonate,95346,21.7,20690,,,2,0,2,0,0.0,0.1531,Low
234,I-40,I-40,341.7,108.8,5.77,12.81,21.99,-0.0159,11.0,,,,carbonate,90047,23.2,20890,,,2,0,2,0,0.005555555555555555,0.1726,Low
235,I-40,I-40,359.1,105.8,5.73,14.35,21.48,-0.0183,10.7,,,,carbonate,111293,18.7,20811,,,2,0,2,0,0.0022222222222222222,0.1867,Low
236,I-40,I-40,363.5,109.9,6.6,16.8,23.83,0.0077,10.5,,,,carbonate,99817,22.4,22359,,,2,0,2,0,0.02302195340501792,0.1956,Low
237,I-40,I-40,345.9,115.5,6.66,16.8,24.08,0.0118,10.8,,,,carbonate,73742,23.2,17108,,,2,0,2,0,0.06711809337615789,0.1835,Low
238,I-40,I-40,326.4,87.4,5.14,13.14,19.98,-0.0042,10.7,,,,clastic_sedimentary,89312,19.8,17683,,,3,1,2,0,0.0,0.1822,Low
239,I-40,I-40,336.3,93.2,4.86,12.85,18.84,-0.0055,10.8,,,,clastic_sedimentary,83341,23.7,19751,,,3,1,2,0,0.0,0.179,Low
240,I-40,I-40,364.2,142.7,6.1,17.17,22.07,0.0036,10.8,,,,clastic_sedimentary,94001,22.5,21150,,,3,1,2,0,0.015179968701095463,0.2136,Low
241,I-40,I-40,363.8,134.1,7.65,19.55,27.39,-0.0165,11.0,,,,clastic_sedimentary,82420,21.4,17637,,,3,1,2,0,0.09570010672734047,0.2402,Low
242,I-40,I-40,381.4,206.9,10.52,23.19,36.15,0.0097,10.5,,,,clastic_sedimentary,87192,22.9,19966,,,3,1,2,0,0.37852274499551725,0.3845,Moderate
243,I-40,I-40,438.2,246.1,12.59,23.19,43.79,0.0178,10.5,,,,clastic_sedimentary,91555,25.4,23254,,,3,1,2,1,0.9601033687620641,0.6235,High
244,I-40,I-40,487.1,209.1,14.04,22.41,48.14,0.0632,10.8,,,,clastic_sedimentary,94094,22.3,20982,,,3,1,2,1,0.9364969995614312,0.6204,High
245,I-40,I-40,473.2,193.6,11.59,21.68,41.09,0.0361,10.8,,,,clastic_sedimentary,79549,22.4,17818,,,3,1,2,1,0.8620760207893468,0.5537,High
246,I-40,I-40,449.8,135.9,8.78,19.08,29.39,0.0012,10.7,,,,clastic_sedimentary,85645,21.3,18242,,,3,1,2,0,0.13549501631908414,0.2664,Moderate
247,I-40,I-40,431.3,108.9,6.23,15.57,22.25,0.0206,10.7,,,,clastic_sedimentary,84656,20.7,17523,,,3,1,2,0,0.017777777777777778,0.1966,Low
248,I-40,I-40,403.4,103.7,4.91,12.43,19.92,-0.0022,10.7,,,,clastic_sedimentary,58759,19.2,11281,,,3,1,2,0,0.0,0.1491,Low
249,I-40,I-40,396.9,105.6,5.44,13.39,21.51,-0.0066,10.5,,,,clastic_sedimentary,70756,16.7,11816,,,3,1,2,0,0.0,0.1644,Low
250,I-40,I-40,399.3,101.0,5.58,13.39,22.04,-0.0217,10.7,,,,clastic_sedimentary,64008,18.1,11585,,,3,1,2,0,0.0,0.1594,Low
251,I-40,I-40,394.7,80.5,5.79,17.89,22.18,-0.0359,10.7,,,,clastic_sedimentary,55746,17.3,9644,,,3,1,2,0,0.01111111111111111,0.1515,Low
252,I-40,I-40,396.9,109.8,6.04,17.89,22.72,-0.0202,10.7,,,,clastic_sedimentary,66552,18.7,12445,,,3,1,2,0,0.01111111111111111,0.1714,Low
253,I-40,I-40,416.6,143.4,7.48,22.23,26.61,-0.02,10.5,,,,clastic_sedimentary,72525,18.5,13417,,,3,1,2,0,0.050704197202547784,0.2094,Low
254,I-40,I-40,442.9,168.0,8.28,22.23,29.74,-0.0004,10.8,,,,clastic_sedimentary,67121,19.6,13155,,,3,1,2,0,0.12177531682106883,0.2417,Low
255,I-40,I-40,440.3,139.4,6.42,19.67,23.78,-0.0278,10.8,,,,clastic_sedimentary,54463,17.2,9367,,,3,1,2,0,0.03972318775995247,0.175,Low
256,I-40,I-40,426.4,69.9,3.97,11.5,14.6,-0.0142,10.7,,,,clastic_sedimentary,59598,17.6,10489,,,3,1,2,0,0.0,0.1316,Low
257,I-40,I-40,412.7,57.2,3.09,13.97,12.37,-0.0056,10.8,,,,clastic_sedimentary,68283,16.5,11266,,,3,1,2,0,0.0,0.1302,Low
258,I-40,I-40,456.3,224.7,8.1,20.23,31.09,-0.0235,10.8,,,,clastic_sedimentary,58489,17.3,10118,,,3,1,2,0,0.1174326538252691,0.2383,Low
259,I-40,I-40,572.5,370.6,14.74,28.73,53.55,0.0263,10.8,,,,clastic_sedimentary,64201,18.6,11941,,,3,1,2,1,0.9808135525314229,0.6342,High
260,I-40,I-40,648.3,267.7,15.49,28.73,54.8,0.0329,11.1,,,,clastic_sedimentary,58408,19.1,11155,,,3,1,1,1,0.9952579969758673,0.6221,High
261,I-40,I-40,662.6,287.6,13.74,31.55,48.84,0.04,10.4,,,,clastic_sedimentary,50921,16.6,8452,,,3,1,1,1,0.9995734731663436,0.6001,High
262,I-40,I-40,689.9,232.6,15.41,31.55,53.92,0.0109,10.4,,,,clastic_sedimentary,54738,19.3,10564,,,3,1,1,1,0.988498398051925,0.6087,High
263,I-40,I-40,653.7,339.2,16.9,31.76,60.63,-0.0285,10.5,,,,clastic_sedimentary,40738,20.0,8147,,,3,1,1,1,0.9991146186628305,0.6309,High
264,I-40,I-40,562.0,345.2,19.18,31.76,67.13,-0.0186,10.4,,,,clastic_sedimentary,50492,18.6,9391,,,3,1,2,1,0.9997463455067691,0.6618,High
265,I-40,I-40,488.2,301.7,19.14,34.73,66.69,-0.015,10.5,,,,clastic_sedimentary,53888,20.8,11208,,,3,1,2,1,0.9952225359829595,0.658,High
266,I-40,I-40,446.8,239.4,17.25,34.73,61.01,-0.0474,10.7,,,,clastic_sedimentary,49509,16.8,8317,,,3,1,2,1,0.9857975793523523,0.6194,High
267,I-40,I-40,475.8,215.3,14.16,31.32,52.94,-0.0176,11.0,,,,clastic_sedimentary,62182,16.1,10011,,,3,1,2,1,0.9138726027614704,0.5768,High
268,I-40,I-40,507.3,256.7,13.01,31.32,48.61,0.0375,10.8,,,,clastic_sedimentary,48707,15.3,7452,,,3,1,2,1,0.9724997070119268,0.578,High
269,I-40,I-40,472.2,201.5,13.99,30.86,49.4,-0.0461,10.8,,,,clastic_sedimentary,53063,20.2,10718,,,3,1,2,1,0.9314257819381869,0.5696,High
270,I-40,I-40,502.4,260.5,14.78,30.86,51.45,-0.0192,10.8,,,,clastic_sedimentary,55575,19.0,10559,,,3,1,2,1,0.998498398051925,0.6111,High
271,I-40,I-40,569.1,220.3,11.61,24.18,40.7,0.0423,10.7,,,,clastic_sedimentary,61341,17.9,10980,,,3,1,2,0,0.43372481325638773,0.3823,Moderate
272,I-40,I-40,645.6,381.4,12.67,24.96,46.01,0.0315,10.7,,,,clastic_sedimentary,42486,18.4,7817,,,3,1,1,1,0.986348750752084,0.594,High
273,I-40,I-40,741.1,311.1,16.47,25.65,58.33,0.0635,10.7,,,,clastic_sedimentary,52466,16.3,8551,,,3,1,1,1,0.9896010213757099,0.6278,High
274,I-40,I-40,764.9,231.9,15.02,25.65,51.51,0.0619,10.4,,,,clastic_sedimentary,48039,21.7,10424,,,3,1,1,1,0.9961621398549317,0.6008,High
275,I-40,I-40,731.6,235.0,11.64,20.99,40.55,0.0235,10.4,,,,clastic_sedimentary,44231,18.2,8050,,,3,1,1,1,0.9383519178107571,0.543,High
276,I-40,I-40,741.8,290.5,11.71,21.49,41.77,-0.023,10.8,,,,clastic_sedimentary,49774,18.2,9058,,,3,1,1,1,0.970276506133485,0.5711,High
277,I-40,I-40,803.2,272.2,14.49,22.47,51.52,-0.0271,11.0,,,,clastic_sedimentary,48764,19.1,9313,,,3,1,1,1,0.9919559216449169,0.6018,High
278,I-40,I-40,871.4,284.6,17.03,24.9,59.0,0.0048,10.8,,,,clastic_sedimentary,45695,18.7,8544,,,3,1,1,1,0.995803488363912,0.6241,High
279,I-40,I-40,965.4,427.2,18.64,27.54,66.72,0.0096,10.7,,,,clastic_sedimentary,48268,18.3,8833,,,3,1,1,1,0.9962796788401024,0.6679,High
280,I-40,I-40,1036.0,372.9,17.76,27.54,64.04,0.016,10.7,,,,clastic_sedimentary,46520,16.8,7815,,,3,1,1,1,0.9861271594602575,0.6445,High
281,I-40,I-40,1004.9,349.5,14.01,26.83,51.15,0.0093,10.5,,,,clastic_sedimentary,48435,18.7,9057,,,3,1,1,1,0.9962796788401024,0.6123,High
282,I-40,I-40,926.1,261.3,11.35,23.83,41.5,-0.0045,10.5,,,,clastic_sedimentary,50542,20.8,10512,,,3,1,1,1,0.9442697005145195,0.5579,High
283,I-40,I-40,885.2,166.7,8.57,18.12,31.31,-0.0008,10.8,,,,clastic_sedimentary,54090,20.0,10818,,,3,1,1,0,0.10916634914916656,0.2264,Low
284,I-40,I-40,889.9,155.5,8.23,16.71,28.94,-0.0231,10.5,,,,clastic_sedimentary,40543,16.4,6649,,,3,1,1,0,0.03587301587301587,0.1768,Low
285,I-40,I-40,931.6,183.0,9.43,16.89,32.59,0.0032,10.7,,,,clastic_sedimentary,52678,13.2,6953,,,3,1,1,0,0.07513615583383025,0.2159,Low
286,I-40,I-40,987.5,248.9,10.45,18.93,36.29,-0.0002,10.7,,,,clastic_sedimentary,37972,12.5,4746,,,3,1,1,1,0.6864912479954104,0.4354,Moderate
287,I-40,I-40,1089.0,283.3,10.46,18.93,39.03,-0.0045,10.7,,,,clastic_sedimentary,44453,13.8,6134,,,3,1,1,0,0.313715435965172,0.3212,Moderate
288,I-40,I-40,1197.9,240.1,11.6,18.81,42.15,0.032,10.7,,,,clastic_sedimentary,47117,14.1,6643,,,3,1,1,1,0.8884631207364434,0.528,High
289,I-40,I-40,1233.3,190.1,11.71,18.81,40.3,0.0374,10.7,,,,metamorphic_crystalline,46011,15.6,7177,,,4,2,1,1,0.8253007479525007,0.5228,High
290,I-40,I-40,1218.5,181.7,9.42,16.57,33.58,0.0016,10.8,,,,clastic_sedimentary,42758,11.5,4917,,,3,1,1,0,0.08067994505494505,0.2076,Low
291,I-40,I-40,1177.8,206.9,7.72,21.33,28.55,-0.006,10.7,,,,clastic_sedimentary,44250,16.3,7212,,,3,1,1,0,0.07758842296389842,0.2004,Low
292,I-40,I-40,1121.4,166.0,7.02,15.09,25.31,-0.0047,10.4,,,,other,43225,13.8,5965,,,1,3,1,0,0.013541666666666667,0.1075,Low
293,I-40,I-40,1071.7,227.8,8.85,20.26,30.81,-0.017,10.7,,,,other,42878,13.4,5745,,,1,3,1,0,0.07157930037146693,0.1537,Low
294,I-40,I-40,1020.0,189.4,11.9,25.16,42.05,-0.0358,10.8,,,,other,48058,12.5,6007,,,1,3,1,0,0.30139108345835425,0.2621,Moderate
295,I-40,I-40,1003.1,182.4,12.29,25.16,43.59,-0.0139,10.7,,,,other,43199,11.5,4967,,,1,3,1,1,0.8003011524667848,0.434,Moderate
296,I-40,I-40,950.3,260.8,10.41,21.72,39.52,0.0066,10.8,,,,other,39671,15.2,6029,,,1,3,1,0,0.22022539391431054,0.2278,Low
297,I-40,I-40,914.7,223.1,13.06,24.55,44.95,0.0132,10.7,,,,other,45022,14.1,6348,,,1,3,1,0,0.3907303765607095,0.3068,Moderate
298,I-40,I-40,899.1,310.4,15.9,24.55,54.34,0.05,10.5,,,,other,43032,12.1,5206,,,1,3,1,1,0.9952493469660849,0.5557,High
299,I-40,I-40,794.0,351.1,12.05,23.91,42.64,0.0046,10.7,,,,other,44731,12.1,5412,,,1,3,1,1,0.9172146795017663,0.5021,High
300,I-40,I-40,735.2,165.7,9.26,23.41,35.14,-0.0182,11.0,,,,other,44115,13.5,5955,,,1,3,1,0,0.07095225856907046,0.152,Low
301,I-40,I-40,849.4,431.4,16.63,31.75,59.61,0.0458,10.5,,,,other,39214,16.5,6470,,,1,3,1,1,0.9797376949939866,0.5792,High
302,I-40,I-40,958.3,304.7,18.58,31.75,65.3,0.0456,10.5,,,,other,40117,13.6,5455,,,1,3,1,1,0.9960494292367553,0.5805,High
303,I-40,I-40,1033.6,356.5,15.69,24.99,57.38,0.0204,10.7,,,,other,44510,11.7,5207,,,1,3,1,1,0.9956415038288301,0.5669,High
304,I-40,I-40,1090.1,296.0,16.43,24.99,59.98,-0.004,11.1,,,,other,44050,13.6,5990,,,1,3,1,1,0.9848537280387283,0.5612,High
305,I-40,I-40,1001.1,417.8,14.64,24.4,52.87,-0.028,10.4,,,,other,41929,13.6,5702,,,1,3,1,1,0.9855513147657269,0.5612,High
306,I-40,I-40,931.1,222.5,14.59,24.4,50.7,0.0099,10.4,,,,other,42394,10.0,4239,,,1,3,1,1,0.9050737312136602,0.4963,Moderate
307,I-40,I-40,913.6,217.1,14.11,27.89,50.11,0.0027,10.7,,,,other,41884,13.9,5821,,,1,3,1,1,0.9349623491342544,0.5047,High
308,I-40,I-40,950.8,354.2,14.87,24.08,53.89,-0.0747,10.7,,,,other,36201,13.7,4959,,,1,3,1,1,0.9759434716284722,0.5442,High
309,I-40,I-40,1077.8,368.1,15.69,24.08,53.75,0.016,10.7,,,,other,39663,15.0,5949,,,1,3,1,1,0.9759848509388168,0.5551,High
310,I-40,I-40,1085.5,324.4,14.91,23.2,51.77,0.0798,10.5,,,,other,37385,16.8,6280,,,1,3,1,1,0.9623025977529193,0.5353,High
311,I-40,I-40,952.3,352.8,17.19,27.18,59.87,0.0275,10.8,,,,other,37338,15.7,5862,,,1,3,1,1,0.9960384468736858,0.573,High
312,I-40,I-40,797.4,475.2,18.52,27.18,63.65,0.0513,10.4,,,,other,41340,13.6,5622,,,1,3,1,1,0.9993827625700887,0.6086,High
313,I-40,I-40,682.6,329.2,15.29,27.12,54.3,0.0185,11.0,,,,other,40509,12.3,4982,,,1,3,1,1,0.9952160959034221,0.553,High
314,I-40,I-40,625.0,203.8,10.94,26.58,38.46,-0.0173,10.5,,,,other,40473,17.9,7244,,,1,3,1,0,0.2114312925471633,0.2196,Low
315,I-40,I-40,617.4,139.1,7.98,18.01,29.15,-0.0108,10.7,,,,other,41968,14.1,5917,,,1,3,1,0,0.008898809523809524,0.1102,Low
316,I-40,I-40,629.7,161.4,7.77,18.92,29.34,-0.0191,10.8,,,,other,38063,14.0,5328,,,1,3,1,0,0.019045868347338936,0.1124,Low
317,I-40,I-40,640.9,149.3,8.61,16.01,31.35,-0.0043,10.5,,,,other,40073,14.0,5610,,,1,3,1,0,0.0033333333333333335,0.1139,Low
318,I-40,I-40,641.0,158.0,8.51,15.6,29.87,-0.0199,10.8,,,,other,37056,14.3,5299,,,1,3,1,0,0.0035416666666666665,0.1102,Low
319,I-40,I-40,642.2,141.5,6.36,14.92,22.61,-0.0055,10.7,,,,other,32829,13.8,4530,,,1,3,1,0,0.008333333333333333,0.0844,Low
320,I-40,I-40,646.1,81.5,4.89,9.91,18.05,-0.0065,10.7,,,,other,31666,13.1,4148,,,1,3,1,0,0.0,0.0568,Low
321,I-40,I-40,652.6,81.2,4.15,9.91,16.35,0.0036,10.7,,,,other,32248,13.2,4256,,,1,3,1,0,0.0,0.0514,Low
322,I-40,I-40,637.8,166.7,5.37,17.77,20.61,0.0065,10.5,,,,other,33523,14.0,4693,,,1,3,1,0,0.01,0.0822,Low
323,I-40,I-40,600.3,137.6,8.61,22.51,30.99,0.0008,11.0,,,,other,29905,13.2,3947,,,1,3,1,0,0.023,0.1077,Low
324,I-40,I-40,596.1,127.0,7.89,22.51,27.62,-0.0017,10.7,,,,other,37356,12.9,4818,,,1,3,2,0,0.027606408417025344,0.107,Low
325,I-40,I-40,616.2,91.1,4.25,11.69,15.6,-0.003,10.7,,,,other,29424,14.2,4178,,,1,3,1,0,0.0,0.0503,Low
326,I-40,I-40,630.7,65.9,3.42,7.66,12.89,0.0114,10.4,,,,other,28891,13.6,3929,,,1,3,1,0,0.0033333333333333335,0.0389,Low
327,I-40,I-40,637.3,75.6,4.25,11.56,14.84,0.008,11.0,,,,other,34964,16.3,5699,,,1,3,1,0,0.0,0.0537,Low
328,I-40,I-40,632.4,86.6,5.05,11.8,18.13,0.0036,10.4,,,,other,34026,10.0,3402,,,1,3,1,0,0.0,0.0593,Low
329,I-40,I-40,625.6,122.1,6.36,12.92,22.2,0.0141,10.8,,,,other,33597,15.6,5241,,,1,3,1,0,0.0035416666666666665,0.0809,Low
330,I-40,I-40,629.5,122.1,5.14,12.92,18.8,-0.0023,10.8,,,,other,33608,15.9,5343,,,1,3,1,0,0.0033333333333333335,0.0704,Low
331,I-40,I-40,637.5,75.0,3.38,9.03,12.24,-0.0109,10.8,,,,other,31968,10.9,3484,,,1,3,1,0,0.0033333333333333335,0.0411,Low
332,I-40,I-40,649.5,54.0,2.91,5.68,10.24,-0.0029,10.7,,,,other,29703,13.5,4009,,,1,3,1,0,0.0,0.0306,Low
333,I-40,I-40,649.4,52.0,2.88,5.31,10.42,0.0108,10.8,,,,other,32194,13.4,4313,,,1,3,1,0,0.0033333333333333335,0.034,Low
334,I-40,I-40,646.9,46.4,2.75,5.44,10.29,0.0014,10.5,,,,other,30266,11.9,3601,,,1,3,1,0,0.0,0.0284,Low
335,I-40,I-40,652.8,54.1,2.91,5.76,10.39,0.0033,10.8,,,,other,34496,12.8,4415,,,1,3,1,0,0.0,0.0353,Low
336,I-40,I-40,663.0,57.1,2.88,6.38,11.18,-0.0085,11.0,,,,other,31623,12.3,3889,,,1,3,1,0,0.0033333333333333335,0.0346,Low
337,I-40,I-40,689.8,144.4,6.16,19.95,22.13,-0.0326,11.0,,,,other,29886,16.6,4961,,,1,3,1,0,0.013333333333333334,0.0834,Low
338,I-40,I-40,744.0,206.2,11.14,22.92,38.69,0.0004,10.7,,,,other,31177,15.4,4801,,,1,3,1,0,0.191225229837456,0.203,Low
339,I-40,I-40,797.6,263.6,15.34,29.87,53.08,0.0516,10.7,,,,other,33057,15.9,5256,,,1,3,1,1,0.9790819251345554,0.5301,High
340,I-40,I-40,801.1,301.8,15.63,29.87,57.34,-0.0041,10.7,,,,other,30556,15.1,4613,,,1,3,1,1,0.9577194506674465,0.5324,High
341,I-40,I-40,815.5,297.8,15.91,28.32,56.67,-0.01,10.8,,,,other,29895,12.3,3677,,,1,3,1,1,0.95538892407028,0.5296,High
342,I-40,I-40,863.9,377.5,16.89,29.73,59.65,0.0279,10.2,,,,other,35000,13.2,4620,,,1,3,1,1,0.9894325138138698,0.5689,High
1001,I-75,I-75,322.4,166.6,5.57,20.36,19.65,-0.0181,10.5,-5.26,-10.52,0.672,clastic_sedimentary,25745,22.2,5715,1.58,32.8,3,1,2,0,0.08152777777777777,0.2407,Low
1002,I-75,I-75,304.5,44.9,3.31,12.7,12.0,-0.0162,10.9,-1.42,-2.84,0.626,clastic_sedimentary,25017,23.9,5979,0.43,37.4,3,1,2,0,0.01,0.13,Low
1003,I-75,I-75,328.1,181.2,6.38,19.41,21.68,-0.0153,10.4,-4.09,-8.18,0.646,clastic_sedimentary,26420,20.6,5442,1.23,35.4,3,1,2,0,0.05104750233426704,0.2265,Low
1004,I-75,I-75,418.8,281.8,11.78,23.9,37.68,0.0192,10.9,-9.36,-18.72,0.492,clastic_sedimentary,27958,21.3,5955,2.81,50.8,3,1,2,1,0.9960740669891328,0.6981,High
1005,I-75,I-75,505.2,246.0,11.43,23.9,35.21,0.0254,10.9,-8.04,-16.08,0.47,clastic_sedimentary,25547,21.2,5415,2.41,53.0,3,1,2,1,0.9861653424751451,0.6662,High
1006,I-75,I-75,494.4,124.1,7.01,15.63,21.6,-0.0071,10.5,-5.53,-11.06,0.628,clastic_sedimentary,25772,19.1,4922,1.66,37.2,3,1,2,1,0.6483874325092357,0.447,Moderate
1007,I-75,I-75,462.4,98.4,4.92,12.48,15.91,0.0073,10.9,-4.01,-8.02,0.655,clastic_sedimentary,28717,22.6,6490,1.2,34.5,3,1,2,0,0.0033333333333333335,0.1835,Low
1008,I-75,I-75,457.8,68.3,5.06,12.52,16.17,0.0049,10.5,-3.25,-6.5,0.629,clastic_sedimentary,27724,22.5,6237,0.98,37.1,3,1,2,0,0.0,0.1696,Low
1009,I-75,I-75,473.3,121.4,7.06,19.49,22.11,-0.004,10.6,-4.0,-8.0,0.611,clastic_sedimentary,26093,22.0,5740,1.2,38.9,3,1,2,0,0.07431498506178813,0.2303,Low
1010,I-75,I-75,484.0,160.0,9.33,22.46,28.64,0.021,10.9,-4.84,-9.68,0.549,clastic_sedimentary,27836,21.5,5984,1.45,45.1,3,1,2,1,0.8770939957691026,0.5534,High
1011,I-75,I-75,457.4,190.7,10.74,23.07,34.09,-0.0316,10.8,-7.01,-14.02,0.537,clastic_sedimentary,26552,19.2,5097,2.1,46.3,3,1,2,1,0.9749230792581771,0.6317,High
1012,I-75,I-75,427.9,194.8,12.97,23.65,40.27,0.0197,10.8,-9.47,-18.94,0.525,clastic_sedimentary,26773,21.2,5675,2.84,47.5,3,1,2,1,0.9925296632858137,0.69,High
1013,I-75,I-75,400.1,164.1,13.15,23.65,40.78,-0.0258,10.8,-8.63,-17.26,0.568,clastic_sedimentary,28059,21.3,5976,2.59,43.2,3,1,2,1,0.9796712312865096,0.6706,High
1014,I-75,I-75,436.3,290.1,13.62,22.47,42.84,-0.0346,11.0,-8.63,-17.26,0.412,clastic_sedimentary,25051,20.4,5110,2.59,58.8,3,1,2,1,0.9866666666666667,0.7044,High
1015,I-75,I-75,559.0,305.4,14.68,24.52,47.19,0.0555,11.0,-10.83,-21.66,0.525,clastic_sedimentary,25558,21.7,5546,3.25,47.5,3,1,2,1,0.9966666666666667,0.7426,High
1016,I-75,I-75,633.0,178.3,14.43,24.52,46.41,0.0675,10.8,-9.73,-19.46,0.4,clastic_sedimentary,27527,22.8,6276,2.92,60.0,3,1,1,1,0.9795397249640547,0.7103,High
1017,I-75,I-75,639.5,212.1,13.34,21.51,43.3,0.0627,10.0,-8.22,-16.44,0.478,clastic_sedimentary,27076,25.8,6985,2.47,52.2,3,1,1,1,0.9826740533222637,0.6849,High
1018,I-75,I-75,605.2,274.3,12.96,21.51,41.18,0.0412,10.6,-9.57,-19.14,0.499,clastic_sedimentary,29291,22.3,6531,2.87,50.1,3,1,1,1,0.9928444732857451,0.7103,High
1019,I-75,I-75,560.6,205.6,11.97,20.45,37.91,0.0117,10.8,-8.3,-16.6,0.521,clastic_sedimentary,27682,22.5,6228,2.49,47.9,3,1,2,1,0.9818544678344989,0.6673,High
1020,I-75,I-75,511.7,234.9,11.38,20.4,35.67,-0.0224,10.9,-7.03,-14.06,0.487,clastic_sedimentary,27151,21.9,5946,2.11,51.3,3,1,2,1,0.9879639267737294,0.654,High
1021,I-75,I-75,462.9,165.9,9.97,20.4,32.43,-0.032,10.8,-7.23,-14.46,0.541,clastic_sedimentary,31692,18.2,5767,2.17,45.9,3,1,2,1,0.9486408922501839,0.6199,High
1022,I-75,I-75,501.2,258.7,12.4,26.45,41.77,-0.0031,10.8,-9.7,-19.4,0.464,clastic_sedimentary,29380,21.9,6434,2.91,53.6,3,1,2,1,0.9927669539059002,0.709,High
1023,I-75,I-75,605.2,350.3,15.64,30.85,51.34,0.0419,10.5,-12.74,-25.48,0.386,clastic_sedimentary,30045,22.1,6639,3.82,61.4,3,1,1,1,0.9966666666666667,0.7972,Critical
1024,I-75,I-75,567.7,387.4,15.5,30.85,51.33,0.0084,10.5,-13.01,-26.02,0.435,clastic_sedimentary,28031,26.9,7540,3.9,56.5,3,1,2,1,0.99,0.8004,Critical
1025,I-75,I-75,425.2,283.6,9.9,26.24,33.27,-0.0233,11.0,-6.63,-13.26,0.531,clastic_sedimentary,29576,21.6,6388,1.99,46.9,3,1,2,1,0.9671920473046779,0.6389,High
1026,I-75,I-75,364.8,60.6,2.69,6.11,9.12,-0.0056,10.8,-1.09,-2.18,0.663,carbonate,30784,22.6,6957,0.33,33.7,2,0,2,0,0.0,0.0955,Low
1027,I-75,I-75,353.6,52.3,2.62,8.11,8.34,-0.0015,10.6,-2.39,-4.78,0.731,carbonate,29116,21.9,6376,0.72,26.9,2,0,2,0,0.0,0.1024,Low
1028,I-75,I-75,358.3,70.3,3.97,11.68,12.15,0.0005,10.9,-3.24,-6.48,0.683,carbonate,31630,19.7,6231,0.97,31.7,2,0,2,0,0.0,0.1322,Low
1029,I-75,I-75,378.5,109.5,4.76,11.68,15.28,0.0016,10.8,-4.06,-8.12,0.679,carbonate,30391,24.3,7385,1.22,32.1,2,0,2,0,0.0,0.1579,Low
1030,I-75,I-75,404.7,138.9,6.27,16.55,21.38,0.0053,10.9,-8.57,-17.14,0.638,carbonate,31079,23.5,7303,2.57,36.2,2,0,2,1,0.6436557072290572,0.4616,Moderate
1031,I-75,I-75,387.8,166.0,9.79,19.68,30.48,0.02,10.9,-7.26,-14.52,0.522,carbonate,30839,23.6,7278,2.18,47.8,2,0,2,1,0.9651616871403396,0.5991,High
1032,I-75,I-75,352.2,119.4,11.15,19.42,32.78,-0.0317,10.5,-7.97,-15.94,0.528,carbonate,34744,20.2,7018,2.39,47.2,2,0,2,1,0.9264534357043939,0.599,High
1033,I-75,I-75,355.8,148.0,11.61,20.9,34.68,-0.0341,12.8,-8.32,-16.64,0.565,carbonate,32170,24.8,7978,2.5,43.5,2,0,2,1,0.9684180955007852,0.6248,High
1034,I-75,I-75,371.2,148.0,10.91,20.9,33.2,0.0052,14.1,-7.7,-15.4,0.569,carbonate,30829,19.2,5919,2.31,43.1,2,0,2,1,0.9641414228829471,0.6054,High
1035,I-75,I-75,358.3,140.0,8.84,20.51,26.68,0.0026,10.9,-5.57,-11.14,0.578,carbonate,33874,23.2,7858,1.67,42.2,2,0,2,1,0.9298981352033875,0.552,High
1036,I-75,I-75,341.4,114.3,6.94,16.68,23.14,0.0022,22.9,-5.57,-11.14,0.614,carbonate,31033,26.4,8192,1.67,38.6,2,0,2,0,0.17739994553446045,0.2661,Moderate
1037,I-75,I-75,335.4,114.3,6.59,16.68,22.34,-0.0115,30.1,-3.88,-7.76,0.665,carbonate,33403,20.0,6680,1.16,33.5,2,0,2,0,0.0035416666666666665,0.1779,Low
1038,I-75,I-75,328.4,87.5,6.38,13.55,20.43,-0.0269,29.0,-3.97,-7.94,0.604,carbonate,30375,20.9,6348,1.19,39.6,2,0,2,0,0.0029861111111111117,0.1718,Low
1039,I-75,I-75,328.6,88.4,5.61,13.22,18.69,-0.0066,25.3,-3.37,-6.74,0.659,carbonate,31547,22.2,7003,1.01,34.1,2,0,2,0,0.0,0.156,Low
1040,I-75,I-75,331.4,96.2,6.11,14.39,20.5,-0.0138,18.5,-4.29,-8.58,0.619,carbonate,34059,21.0,7152,1.29,38.1,2,0,2,0,0.0,0.1781,Low
1041,I-75,I-75,359.8,111.7,6.46,14.39,20.91,0.006,10.9,-6.8,-13.6,0.61,carbonate,35096,18.9,6633,2.04,39.0,2,0,2,0,0.12020833333333333,0.2565,Moderate
1042,I-75,I-75,374.6,88.0,6.31,11.91,18.13,0.031,10.5,-2.16,-4.32,0.677,carbonate,34470,22.1,7617,0.65,32.3,2,0,2,0,0.016666666666666666,0.1523,Low
1043,I-75,I-75,355.7,97.8,6.22,10.19,17.83,-0.0016,10.6,-4.75,-9.5,0.664,carbonate,34264,19.9,6818,1.42,33.6,2,0,2,0,0.0033333333333333335,0.1795,Low
1044,I-75,I-75,358.5,110.4,5.85,11.04,17.97,-0.0173,11.0,-2.47,-4.94,0.664,carbonate,34211,22.9,7834,0.74,33.6,2,0,2,0,0.0,0.1521,Low
1045,I-75,I-75,373.1,120.2,8.27,20.71,24.64,0.0176,11.0,-4.91,-9.82,0.645,carbonate,32669,20.2,6599,1.47,35.5,2,0,2,0,0.1805205415499533,0.2658,Moderate
1046,I-75,I-75,340.4,120.4,7.54,20.71,25.33,-0.0009,34.8,-6.3,-12.6,0.599,carbonate,34032,25.1,8542,1.89,40.1,2,0,2,0,0.3125003488248013,0.333,Moderate
1047,I-75,I-75,320.0,64.1,5.57,16.36,19.41,-0.0241,16.0,-3.73,-7.46,0.67,carbonate,34646,20.4,7067,1.12,33.0,2,0,2,0,0.0,0.159,Low
1048,I-75,I-75,320.3,57.7,4.03,14.42,13.09,-0.0032,15.2,-1.61,-3.22,0.659,carbonate,37147,21.4,7949,0.48,34.1,2,0,2,0,0.0,0.1201,Low
1049,I-75,I-75,311.9,43.0,1.57,6.56,5.47,-0.0017,56.2,-0.55,-1.1,0.726,carbonate,36301,23.6,8567,0.16,27.4,2,0,2,0,0.0,0.0786,Low
1050,I-75,I-75,313.1,53.8,2.23,15.92,8.36,-0.0089,50.0,-2.45,-4.9,0.693,carbonate,33366,19.5,6506,0.74,30.7,2,0,2,0,0.0,0.1072,Low
1051,I-75,I-75,349.2,134.7,6.72,19.81,21.52,-0.0114,10.6,-4.09,-8.18,0.613,carbonate,36722,22.5,8262,1.23,38.7,2,0,2,0,0.05973018244247906,0.2117,Low
1052,I-75,I-75,376.2,117.1,8.21,19.81,25.75,0.018,10.5,-5.63,-11.26,0.616,carbonate,35883,24.6,8827,1.69,38.4,2,0,2,1,0.7569364910165096,0.4849,Moderate
1053,I-75,I-75,355.5,110.8,5.63,13.05,19.45,-0.0011,10.9,-4.17,-8.34,0.597,carbonate,35670,18.8,6705,1.25,40.3,2,0,2,0,0.0033333333333333335,0.1782,Low
1054,I-75,I-75,351.4,128.7,5.91,18.51,19.65,-0.0182,10.9,-3.74,-7.48,0.706,carbonate,37827,22.4,8473,1.12,29.4,2,0,2,0,0.008925213675213674,0.1775,Low
1055,I-75,I-75,385.4,149.9,7.39,13.2,22.67,-0.0,10.9,-7.39,-14.78,0.557,carbonate,38681,22.5,8703,2.22,44.3,2,0,2,1,0.8403960763183775,0.5386,High
1056,I-75,I-75,384.2,131.9,7.16,15.98,22.16,0.0091,10.5,-5.61,-11.22,0.556,carbonate,38756,23.6,9146,1.68,44.4,2,0,2,1,0.8273404446746513,0.5081,High
1057,I-75,I-75,352.6,122.7,6.37,15.98,20.97,0.003,10.5,-2.54,-5.08,0.663,carbonate,36325,19.5,7083,0.76,33.7,2,0,2,0,0.0002083333333333333,0.1619,Low
1058,I-75,I-75,347.4,129.0,6.99,15.56,22.49,0.0085,10.8,-5.11,-10.22,0.638,carbonate,37345,19.4,7244,1.53,36.2,2,0,2,0,0.15545305695721295,0.2566,Moderate
1059,I-75,I-75,365.4,129.0,6.84,15.56,21.36,0.0092,10.4,-4.13,-8.26,0.635,carbonate,38530,23.0,8861,1.24,36.5,2,0,2,0,0.048721635433932056,0.2089,Low
1060,I-75,I-75,355.7,129.2,6.05,15.1,19.2,-0.0141,10.6,-5.26,-10.52,0.647,carbonate,39721,22.6,8976,1.58,35.3,2,0,2,0,0.016805555555555553,0.2052,Low
1061,I-75,I-75,332.0,135.8,8.26,20.7,27.32,-0.0012,10.9,-4.92,-9.84,0.583,carbonate,37764,22.5,8496,1.48,41.7,2,0,2,1,0.8679045683200313,0.5231,High
1062,I-75,I-75,321.0,136.0,7.7,20.7,24.82,0.0097,10.5,-5.25,-10.5,0.558,carbonate,38429,22.7,8723,1.58,44.2,2,0,2,1,0.934967805858013,0.5471,High
1063,I-75,I-75,312.0,78.4,4.58,12.63,14.37,0.0016,10.8,-3.65,-7.3,0.661,carbonate,37273,20.6,7678,1.1,33.9,2,0,2,0,0.0,0.1527,Low
1064,I-75,I-75,323.6,71.9,3.89,9.85,13.07,0.0032,10.9,-3.64,-7.28,0.642,carbonate,37362,22.5,8406,1.09,35.8,2,0,2,0,0.0,0.1486,Low
1065,I-75,I-75,339.4,82.5,5.04,15.12,16.9,0.0049,10.6,-2.3,-4.6,0.687,carbonate,40600,22.6,9175,0.69,31.3,2,0,2,0,0.0,0.1457,Low
1066,I-75,I-75,372.8,165.4,7.21,18.77,23.17,0.006,10.5,-5.04,-10.08,0.587,carbonate,41641,20.6,8578,1.51,41.3,2,0,2,1,0.804411915464416,0.4995,Moderate
1067,I-75,I-75,407.5,135.1,6.17,18.77,20.23,0.0047,10.6,-4.09,-8.18,0.584,carbonate,39723,25.7,10208,1.23,41.6,2,0,2,0,0.10506514338114052,0.2304,Low
1068,I-75,I-75,410.8,76.0,4.91,12.99,14.94,-0.0032,10.8,-2.61,-5.22,0.642,carbonate,41561,22.9,9517,0.78,35.8,2,0,2,0,0.0,0.1494,Low
1069,I-75,I-75,389.6,100.4,5.0,12.99,15.39,0.0063,10.6,-5.31,-10.62,0.663,carbonate,40823,19.6,8001,1.59,33.7,2,0,2,0,0.0,0.1833,Low
1070,I-75,I-75,358.4,85.1,3.05,10.14,9.88,-0.0016,11.0,-2.82,-5.64,0.657,carbonate,39537,23.3,9212,0.85,34.3,2,0,2,0,0.0,0.1345,Low
1071,I-75,I-75,340.0,34.1,1.67,5.14,5.39,-0.005,11.0,0.05,0.1,0.682,carbonate,41272,20.1,8295,0.02,31.8,2,0,2,0,0.0,0.0777,Low
1072,I-75,I-75,337.0,30.8,1.87,5.32,5.81,0.0034,10.5,-2.19,-4.38,0.723,carbonate,43262,23.6,10209,0.66,27.7,2,0,2,0,0.0,0.1073,Low
1073,I-75,I-75,340.6,114.8,4.19,16.77,13.52,-0.0138,10.6,-5.42,-10.84,0.664,carbonate,41126,24.3,9993,1.63,33.6,2,0,2,0,0.036458333333333336,0.1967,Low
1074,I-75,I-75,361.1,127.2,6.28,16.77,20.78,-0.0066,11.0,-5.6,-11.2,0.597,carbonate,43751,20.4,8925,1.68,40.3,2,0,2,0,0.13092753262588266,0.2582,Moderate
1075,I-75,I-75,363.1,110.9,4.74,16.77,15.72,0.0016,10.6,-2.07,-4.14,0.627,carbonate,37699,23.9,9010,0.62,37.3,2,0,2,0,0.012899774774774775,0.1501,Low
1076,I-75,I-75,364.6,70.2,3.76,9.98,12.0,-0.0014,10.8,-2.16,-4.32,0.682,carbonate,43086,22.8,9823,0.65,31.8,2,0,2,0,0.0,0.1326,Low
1077,I-75,I-75,365.7,73.8,3.64,9.56,11.28,0.013,11.0,-3.86,-7.72,0.616,carbonate,42209,23.6,9961,1.16,38.4,2,0,2,0,0.0033333333333333335,0.1573,Low
1078,I-75,I-75,344.0,59.7,2.41,4.87,7.49,0.0033,10.9,-1.11,-2.22,0.641,carbonate,41854,25.8,10798,0.33,35.9,2,0,2,0,0.0,0.1083,Low
1079,I-75,I-75,340.9,68.8,3.33,13.24,10.11,0.0043,11.0,-2.81,-5.62,0.652,carbonate,42665,21.5,9172,0.84,34.8,2,0,2,0,0.0,0.1361,Low
1080,I-75,I-75,347.0,68.8,4.3,13.24,13.72,-0.0088,10.5,-3.7,-7.4,0.656,carbonate,39771,20.5,8153,1.11,34.4,2,0,2,0,0.0,0.1525,Low
1081,I-75,I-75,350.8,104.6,5.86,15.31,18.85,-0.0068,10.8,-3.17,-6.34,0.643,carbonate,42648,20.2,8614,0.95,35.7,2,0,2,0,0.0,0.1701,Low
1082,I-75,I-75,330.6,120.7,5.37,15.31,17.04,-0.0085,10.9,-3.91,-7.82,0.693,carbonate,43737,20.4,8922,1.17,30.7,2,0,2,0,0.0,0.1753,Low
1083,I-75,I-75,311.2,61.2,3.36,7.97,10.66,-0.0018,10.8,0.89,1.78,0.716,carbonate,45643,21.8,9950,0.27,28.4,2,0,2,0,0.0,0.1119,Low
1084,I-75,I-75,302.7,84.8,4.29,9.18,12.75,0.0105,10.9,-1.97,-3.94,0.656,carbonate,42874,22.7,9732,0.59,34.4,2,0,2,0,0.0,0.1376,Low
1085,I-75,I-75,275.6,90.7,3.3,9.18,10.45,-0.0082,10.9,-2.34,-4.68,0.674,carbonate,42663,22.6,9641,0.7,32.6,2,0,0,0,0.0,0.1336,Low
1086,I-75,I-75,266.1,54.1,3.12,9.59,9.94,-0.0074,11.0,-0.91,-1.82,0.647,carbonate,43348,23.7,10273,0.27,35.3,2,0,0,0,0.0,0.1117,Low
1087,I-75,I-75,276.4,73.1,3.68,9.59,12.02,-0.0049,10.0,-4.28,-8.56,0.672,carbonate,45698,22.0,10053,1.28,32.8,2,0,0,0,0.0,0.1617,Low
1088,I-75,I-75,280.5,65.1,3.67,8.52,11.57,0.0058,10.9,-1.11,-2.22,0.664,carbonate,45043,24.9,11215,0.33,33.6,2,0,0,0,0.0,0.1227,Low
1089,I-75,I-75,278.3,55.7,3.42,7.88,10.15,0.0033,10.9,-1.84,-3.68,0.696,carbonate,43980,21.5,9455,0.55,30.4,2,0,0,0,0.0,0.1214,Low
1090,I-75,I-75,281.6,42.5,2.75,5.95,8.71,-0.0039,10.3,-1.98,-3.96,0.663,carbonate,45769,27.4,12540,0.59,33.7,2,0,0,0,0.0,0.1241,Low
