segment_id,pair,disp_mean_mm,disp_max_mm,disp_std_mm,coherence,low_coh_pct
1,20231201_0231213T,19.631,22.459,1.166,0.791,0.0
2,20231201_0231213T,19.772,22.105,1.137,0.759,0.0
3,20231201_0231213T,20.381,25.51,1.284,0.722,0.0
4,20231201_0231213T,21.027,26.584,1.67,0.693,0.0
5,20231201_0231213T,21.552,28.079,2.204,0.678,0.0
6,20231201_0231213T,20.192,29.179,3.013,0.695,0.0
7,20231201_0231213T,19.679,29.179,3.139,0.666,0.0
8,20231201_0231213T,22.387,33.427,3.164,0.609,0.0
9,20231201_0231213T,23.969,33.427,2.568,0.61,0.0
10,20231201_0231213T,22.02,33.94,3.622,0.561,0.0
11,20231201_0231213T,19.627,33.94,2.97,0.547,0.0
12,20231201_0231213T,19.392,27.991,2.602,0.571,0.0
13,20231201_0231213T,19.645,29.859,2.985,0.517,0.0
14,20231201_0231213T,18.173,27.439,3.163,0.536,0.0
15,20231201_0231213T,15.575,27.066,4.423,0.518,0.0
16,20231201_0231213T,13.127,41.318,6.333,0.434,0.0
17,20231201_0231213T,11.256,41.318,5.78,0.446,0.0
18,20231201_0231213T,9.34,28.961,3.815,0.566,0.0
19,20231201_0231213T,9.162,29.844,5.093,0.539,0.0
20,20231201_0231213T,14.132,34.313,7.381,0.417,0.0
21,20231201_0231213T,17.616,38.781,7.099,0.382,0.0
22,20231201_0231213T,19.202,38.781,7.106,0.399,0.0
23,20231201_0231213T,21.678,38.781,5.088,0.469,0.0
24,20231201_0231213T,22.804,44.456,6.159,0.414,0.0
25,20231201_0231213T,20.098,44.456,8.285,0.371,0.0
26,20231201_0231213T,13.455,40.855,8.504,0.434,0.0
27,20231201_0231213T,8.22,40.855,7.171,0.427,0.0
28,20231201_0231213T,5.337,22.754,3.611,0.49,0.0
29,20231201_0231213T,3.43,14.916,3.217,0.53,0.0
30,20231201_0231213T,1.76,17.74,3.122,0.545,0.0
31,20231201_0231213T,1.364,17.74,2.933,0.501,0.0
32,20231201_0231213T,1.134,12.237,3.543,0.431,0.0
33,20231201_0231213T,0.48,12.237,3.798,0.457,0.0
34,20231201_0231213T,-1.579,8.345,3.707,0.529,0.0
35,20231201_0231213T,-2.631,12.649,3.055,0.537,0.0
36,20231201_0231213T,-0.082,31.933,6.339,0.475,0.0
37,20231201_0231213T,2.079,31.933,6.374,0.458,0.0
38,20231201_0231213T,0.01,16.315,4.438,0.569,0.0
39,20231201_0231213T,-3.066,12.409,2.87,0.592,0.0
40,20231201_0231213T,-2.089,12.938,3.617,0.55,0.0
41,20231201_0231213T,-1.69,12.938,3.45,0.558,0.0
42,20231201_0231213T,-3.139,8.981,3.112,0.526,0.0
43,20231201_0231213T,-3.28,12.874,4.104,0.452,0.0
44,20231201_0231213T,-2.603,12.874,3.814,0.488,0.0
45,20231201_0231213T,-2.818,7.286,3.373,0.504,0.0
46,20231201_0231213T,-3.211,7.286,3.216,0.511,0.0
47,20231201_0231213T,-2.466,4.975,2.337,0.571,0.0
48,20231201_0231213T,-2.768,4.975,2.021,0.604,0.0
49,20231201_0231213T,-2.644,6.596,1.995,0.638,0.0
50,20231201_0231213T,-2.156,6.74,2.228,0.599,0.0
51,20231201_0231213T,-2.561,6.74,3.185,0.537,0.0
52,20231201_0231213T,-2.692,11.26,3.322,0.488,0.0
53,20231201_0231213T,-2.913,11.26,3.572,0.463,0.0
54,20231201_0231213T,-2.841,11.848,3.946,0.477,0.0
55,20231201_0231213T,-3.688,11.848,5.197,0.402,0.0
56,20231201_0231213T,-4.021,20.15,5.532,0.418,0.0
57,20231201_0231213T,-3.675,20.15,5.145,0.434,0.0
58,20231201_0231213T,-4.247,14.596,3.966,0.463,0.0
59,20231201_0231213T,-3.867,3.832,2.838,0.556,0.0
60,20231201_0231213T,-2.287,4.817,2.506,0.582,0.0
61,20231201_0231213T,-0.97,10.966,2.747,0.541,0.0
62,20231201_0231213T,-0.507,13.353,3.083,0.522,0.0
63,20231201_0231213T,-0.34,13.353,3.247,0.511,0.0
64,20231201_0231213T,-0.522,13.33,3.56,0.48,0.0
65,20231201_0231213T,-0.647,10.274,3.167,0.529,0.0
66,20231201_0231213T,0.105,9.25,2.896,0.542,0.0
67,20231201_0231213T,0.998,9.252,2.787,0.547,0.0
68,20231201_0231213T,0.815,9.252,2.662,0.563,0.0
69,20231201_0231213T,0.543,7.334,1.965,0.66,0.0
70,20231201_0231213T,0.356,4.05,1.22,0.792,0.0
71,20231201_0231213T,0.732,3.48,1.184,0.85,0.0
72,20231201_0231213T,1.652,4.323,0.959,0.853,0.0
73,20231201_0231213T,1.645,4.323,1.03,0.811,0.0
74,20231201_0231213T,0.895,4.323,1.086,0.798,0.0
75,20231201_0231213T,0.351,2.994,1.026,0.817,0.0
76,20231201_0231213T,-1.198,2.163,1.997,0.781,0.0
77,20231201_0231213T,-2.937,1.338,1.48,0.777,0.0
78,20231201_0231213T,-2.626,0.466,1.392,0.803,0.0
79,20231201_0231213T,-1.103,3.692,1.562,0.776,0.0
80,20231201_0231213T,1.145,8.133,2.475,0.67,0.0
81,20231201_0231213T,1.664,8.133,2.57,0.593,0.0
82,20231201_0231213T,-0.379,7.366,2.813,0.622,0.0
83,20231201_0231213T,-2.888,4.182,2.593,0.66,0.0
84,20231201_0231213T,-5.212,2.339,2.454,0.612,0.0
85,20231201_0231213T,-7.211,-0.015,2.63,0.543,0.0
86,20231201_0231213T,-8.238,-2.973,2.033,0.597,0.0
87,20231201_0231213T,-6.617,2.287,2.94,0.622,0.0
88,20231201_0231213T,-3.717,2.916,2.938,0.609,0.0
89,20231201_0231213T,-3.133,2.897,2.059,0.602,0.0
90,20231201_0231213T,-4.9,0.278,2.161,0.632,0.0
91,20231201_0231213T,-7.52,0.278,2.932,0.627,0.0
92,20231201_0231213T,-9.809,-1.646,2.827,0.556,0.0
93,20231201_0231213T,-9.355,6.244,4.165,0.443,0.0
94,20231201_0231213T,-7.215,6.244,4.538,0.444,0.0
95,20231201_0231213T,-3.251,15.415,5.348,0.438,0.0
96,20231201_0231213T,0.492,17.973,5.195,0.423,0.0
97,20231201_0231213T,3.575,24.743,4.847,0.492,0.0
98,20231201_0231213T,5.538,28.198,5.377,0.443,0.0
99,20231201_0231213T,6.202,28.198,6.469,0.374,0.0
100,20231201_0231213T,6.743,28.198,6.342,0.379,0.0
101,20231201_0231213T,8.892,21.425,4.992,0.426,0.0
102,20231201_0231213T,11.248,26.339,4.584,0.452,0.0
103,20231201_0231213T,10.808,26.339,4.578,0.46,0.0
104,20231201_0231213T,8.545,23.468,4.282,0.465,0.0
105,20231201_0231213T,8.399,23.005,4.606,0.425,0.0
106,20231201_0231213T,12.491,33.893,6.476,0.409,0.0
107,20231201_0231213T,16.029,33.893,5.359,0.44,0.0
108,20231201_0231213T,16.887,37.192,5.567,0.461,0.0
109,20231201_0231213T,16.427,37.192,5.588,0.429,0.0
110,20231201_0231213T,15.069,31.953,5.27,0.404,0.0
111,20231201_0231213T,13.97,26.508,4.68,0.44,0.0
112,20231201_0231213T,13.137,26.546,4.223,0.464,0.0
113,20231201_0231213T,11.485,26.696,4.323,0.472,0.0
114,20231201_0231213T,8.392,28.355,6.55,0.433,0.0
115,20231201_0231213T,8.406,41.917,8.087,0.386,0.0
116,20231201_0231213T,12.003,33.745,7.705,0.454,0.0
117,20231201_0231213T,15.898,31.298,4.729,0.494,0.0
118,20231201_0231213T,17.558,31.79,4.155,0.539,0.0
119,20231201_0231213T,17.948,37.217,4.078,0.541,0.0
120,20231201_0231213T,16.996,37.217,3.313,0.532,0.0
121,20231201_0231213T,15.656,31.205,3.192,0.529,0.0
122,20231201_0231213T,13.889,29.337,4.03,0.536,0.0
123,20231201_0231213T,11.81,38.639,6.981,0.437,0.0
124,20231201_0231213T,11.552,38.639,6.829,0.407,0.0
125,20231201_0231213T,12.711,27.452,3.496,0.519,0.0
126,20231201_0231213T,12.781,28.742,3.331,0.514,0.0
127,20231201_0231213T,13.578,28.742,4.708,0.452,0.0
128,20231201_0231213T,14.394,33.908,5.961,0.438,0.0
129,20231201_0231213T,14.534,44.672,7.663,0.333,0.0
130,20231201_0231213T,15.353,44.672,8.21,0.291,100.0
131,20231201_0231213T,14.317,44.672,7.297,0.395,0.0
132,20231201_0231213T,11.778,26.569,5.009,0.446,0.0
133,20231201_0231213T,9.21,31.316,9.049,0.354,0.0
134,20231201_0231213T,7.738,31.316,8.902,0.328,0.0
135,20231201_0231213T,7.461,31.316,6.028,0.43,0.0
136,20231201_0231213T,5.844,22.787,5.714,0.407,0.0
137,20231201_0231213T,4.998,21.919,4.932,0.41,0.0
138,20231201_0231213T,3.749,16.691,4.241,0.411,0.0
139,20231201_0231213T,3.466,22.146,6.558,0.348,0.0
140,20231201_0231213T,5.886,31.633,8.758,0.301,0.0
141,20231201_0231213T,7.272,31.633,8.319,0.302,0.0
142,20231201_0231213T,5.783,26.379,7.69,0.342,0.0
143,20231201_0231213T,5.461,27.515,8.504,0.336,0.0
144,20231201_0231213T,8.974,47.894,10.898,0.306,0.0
145,20231201_0231213T,8.219,47.894,10.46,0.267,100.0
146,20231201_0231213T,9.062,43.083,9.698,0.245,100.0
147,20231201_0231213T,12.291,43.083,9.856,0.264,100.0
148,20231201_0231213T,13.277,43.083,10.96,0.253,100.0
149,20231201_0231213T,15.396,35.996,11.213,0.186,100.0
150,20231201_0231213T,,,,,0.0
151,20231201_0231213T,,,,,0.0
152,20231201_0231213T,,,,,0.0
153,20231201_0231213T,,,,,0.0
154,20231201_0231213T,,,,,0.0
155,20231201_0231213T,,,,,0.0
156,20231201_0231213T,,,,,0.0
157,20231201_0231213T,,,,,0.0
158,20231201_0231213T,,,,,0.0
159,20231201_0231213T,,,,,0.0
160,20231201_0231213T,,,,,0.0
161,20231201_0231213T,,,,,0.0
162,20231201_0231213T,,,,,0.0
163,20231201_0231213T,,,,,0.0
164,20231201_0231213T,,,,,0.0
165,20231201_0231213T,,,,,0.0
166,20231201_0231213T,,,,,0.0
167,20231201_0231213T,,,,,0.0
168,20231201_0231213T,,,,,0.0
169,20231201_0231213T,,,,,0.0
170,20231201_0231213T,,,,,0.0
171,20231201_0231213T,,,,,0.0
172,20231201_0231213T,,,,,0.0
173,20231201_0231213T,,,,,0.0
174,20231201_0231213T,,,,,0.0
175,20231201_0231213T,,,,,0.0
176,20231201_0231213T,,,,,0.0
177,20231201_0231213T,,,,,0.0
178,20231201_0231213T,,,,,0.0
179,20231201_0231213T,,,,,0.0
180,20231201_0231213T,,,,,0.0
181,20231201_0231213T,,,,,0.0
182,20231201_0231213T,,,,,0.0
183,20231201_0231213T,,,,,0.0
184,20231201_0231213T,,,,,0.0
185,20231201_0231213T,,,,,0.0
186,20231201_0231213T,,,,,0.0
187,20231201_0231213T,,,,,0.0
188,20231201_0231213T,,,,,0.0
189,20231201_0231213T,,,,,0.0
190,20231201_0231213T,,,,,0.0
191,20231201_0231213T,,,,,0.0
192,20231201_0231213T,,,,,0.0
193,20231201_0231213T,,,,,0.0
194,20231201_0231213T,,,,,0.0
195,20231201_0231213T,,,,,0.0
196,20231201_0231213T,,,,,0.0
197,20231201_0231213T,,,,,0.0
198,20231201_0231213T,,,,,0.0
199,20231201_0231213T,,,,,0.0
200,20231201_0231213T,,,,,0.0
201,20231201_0231213T,,,,,0.0
202,20231201_0231213T,,,,,0.0
203,20231201_0231213T,,,,,0.0
204,20231201_0231213T,,,,,0.0
205,20231201_0231213T,,,,,0.0
206,20231201_0231213T,,,,,0.0
207,20231201_0231213T,,,,,0.0
208,20231201_0231213T,,,,,0.0
209,20231201_0231213T,,,,,0.0
210,20231201_0231213T,,,,,0.0
211,20231201_0231213T,,,,,0.0
212,20231201_0231213T,,,,,0.0
213,20231201_0231213T,,,,,0.0
214,20231201_0231213T,,,,,0.0
215,20231201_0231213T,,,,,0.0
216,20231201_0231213T,,,,,0.0
217,20231201_0231213T,,,,,0.0
218,20231201_0231213T,,,,,0.0
219,20231201_0231213T,,,,,0.0
220,20231201_0231213T,,,,,0.0
221,20231201_0231213T,,,,,0.0
222,20231201_0231213T,,,,,0.0
223,20231201_0231213T,,,,,0.0
224,20231201_0231213T,,,,,0.0
225,20231201_0231213T,,,,,0.0
226,20231201_0231213T,,,,,0.0
227,20231201_0231213T,,,,,0.0
228,20231201_0231213T,,,,,0.0
229,20231201_0231213T,,,,,0.0
230,20231201_0231213T,,,,,0.0
231,20231201_0231213T,,,,,0.0
232,20231201_0231213T,,,,,0.0
233,20231201_0231213T,,,,,0.0
234,20231201_0231213T,,,,,0.0
235,20231201_0231213T,,,,,0.0
236,20231201_0231213T,,,,,0.0
237,20231201_0231213T,,,,,0.0
238,20231201_0231213T,,,,,0.0
239,20231201_0231213T,,,,,0.0
240,20231201_0231213T,,,,,0.0
241,20231201_0231213T,,,,,0.0
242,20231201_0231213T,,,,,0.0
243,20231201_0231213T,,,,,0.0
244,20231201_0231213T,,,,,0.0
245,20231201_0231213T,,,,,0.0
246,20231201_0231213T,,,,,0.0
247,20231201_0231213T,,,,,0.0
248,20231201_0231213T,,,,,0.0
249,20231201_0231213T,,,,,0.0
250,20231201_0231213T,,,,,0.0
251,20231201_0231213T,,,,,0.0
252,20231201_0231213T,,,,,0.0
253,20231201_0231213T,,,,,0.0
254,20231201_0231213T,,,,,0.0
255,20231201_0231213T,,,,,0.0
256,20231201_0231213T,,,,,0.0
257,20231201_0231213T,,,,,0.0
258,20231201_0231213T,,,,,0.0
259,20231201_0231213T,,,,,0.0
260,20231201_0231213T,,,,,0.0
261,20231201_0231213T,,,,,0.0
262,20231201_0231213T,,,,,0.0
263,20231201_0231213T,,,,,0.0
264,20231201_0231213T,,,,,0.0
265,20231201_0231213T,,,,,0.0
266,20231201_0231213T,,,,,0.0
267,20231201_0231213T,,,,,0.0
268,20231201_0231213T,,,,,0.0
269,20231201_0231213T,,,,,0.0
270,20231201_0231213T,,,,,0.0
271,20231201_0231213T,,,,,0.0
272,20231201_0231213T,,,,,0.0
273,20231201_0231213T,,,,,0.0
274,20231201_0231213T,,,,,0.0
275,20231201_0231213T,,,,,0.0
276,20231201_0231213T,,,,,0.0
277,20231201_0231213T,,,,,0.0
278,20231201_0231213T,,,,,0.0
279,20231201_0231213T,,,,,0.0
280,20231201_0231213T,,,,,0.0
281,20231201_0231213T,,,,,0.0
282,20231201_0231213T,,,,,0.0
283,20231201_0231213T,,,,,0.0
284,20231201_0231213T,,,,,0.0
285,20231201_0231213T,,,,,0.0
286,20231201_0231213T,,,,,0.0
287,20231201_0231213T,,,,,0.0
288,20231201_0231213T,,,,,0.0
289,20231201_0231213T,,,,,0.0
290,20231201_0231213T,,,,,0.0
291,20231201_0231213T,,,,,0.0
292,20231201_0231213T,,,,,0.0
293,20231201_0231213T,,,,,0.0
294,20231201_0231213T,,,,,0.0
295,20231201_0231213T,,,,,0.0
296,20231201_0231213T,,,,,0.0
297,20231201_0231213T,,,,,0.0
298,20231201_0231213T,,,,,0.0
299,20231201_0231213T,,,,,0.0
300,20231201_0231213T,,,,,0.0
301,20231201_0231213T,,,,,0.0
302,20231201_0231213T,,,,,0.0
303,20231201_0231213T,,,,,0.0
304,20231201_0231213T,,,,,0.0
305,20231201_0231213T,,,,,0.0
306,20231201_0231213T,,,,,0.0
307,20231201_0231213T,,,,,0.0
308,20231201_0231213T,,,,,0.0
309,20231201_0231213T,,,,,0.0
310,20231201_0231213T,,,,,0.0
311,20231201_0231213T,,,,,0.0
312,20231201_0231213T,,,,,0.0
313,20231201_0231213T,,,,,0.0
314,20231201_0231213T,,,,,0.0
315,20231201_0231213T,,,,,0.0
316,20231201_0231213T,,,,,0.0
317,20231201_0231213T,,,,,0.0
318,20231201_0231213T,,,,,0.0
319,20231201_0231213T,,,,,0.0
320,20231201_0231213T,,,,,0.0
321,20231201_0231213T,,,,,0.0
322,20231201_0231213T,,,,,0.0
323,20231201_0231213T,,,,,0.0
324,20231201_0231213T,,,,,0.0
325,20231201_0231213T,,,,,0.0
326,20231201_0231213T,,,,,0.0
327,20231201_0231213T,,,,,0.0
328,20231201_0231213T,,,,,0.0
329,20231201_0231213T,,,,,0.0
330,20231201_0231213T,,,,,0.0
331,20231201_0231213T,,,,,0.0
332,20231201_0231213T,,,,,0.0
333,20231201_0231213T,,,,,0.0
334,20231201_0231213T,,,,,0.0
335,20231201_0231213T,,,,,0.0
336,20231201_0231213T,,,,,0.0
337,20231201_0231213T,,,,,0.0
338,20231201_0231213T,,,,,0.0
339,20231201_0231213T,,,,,0.0
340,20231201_0231213T,,,,,0.0
341,20231201_0231213T,,,,,0.0
342,20231201_0231213T,,,,,0.0
1,20231213_0231225T,-25.656,-22.471,1.067,0.814,0.0
2,20231213_0231225T,-25.149,-21.652,1.428,0.777,0.0
3,20231213_0231225T,-24.013,-19.803,1.226,0.746,0.0
4,20231213_0231225T,-23.173,-12.137,1.876,0.642,0.0
5,20231213_0231225T,-23.069,-12.137,2.354,0.618,0.0
6,20231213_0231225T,-23.901,-9.67,3.043,0.572,0.0
7,20231213_0231225T,-26.141,-9.67,4.212,0.521,0.0
8,20231213_0231225T,-29.081,-9.676,4.715,0.502,0.0
9,20231213_0231225T,-30.957,-9.676,3.511,0.568,0.0
10,20231213_0231225T,-29.884,-16.962,3.039,0.53,0.0
11,20231213_0231225T,-28.493,-12.864,4.017,0.451,0.0
12,20231213_0231225T,-29.115,-18.499,4.109,0.484,0.0
13,20231213_0231225T,-31.601,-18.499,3.592,0.497,0.0
14,20231213_0231225T,-31.1,-20.386,3.75,0.51,0.0
15,20231213_0231225T,-28.19,-5.646,5.547,0.42,0.0
16,20231213_0231225T,-26.113,-5.646,6.572,0.341,0.0
17,20231213_0231225T,-24.709,-6.997,5.564,0.407,0.0
18,20231213_0231225T,-22.638,-8.12,3.75,0.584,0.0
19,20231213_0231225T,-21.17,-8.139,3.913,0.568,0.0
20,20231213_0231225T,-21.079,8.733,8.423,0.339,0.0
21,20231213_0231225T,-24.24,8.733,9.219,0.318,0.0
22,20231213_0231225T,-29.682,-10.577,5.824,0.44,0.0
23,20231213_0231225T,-32.403,-12.24,5.961,0.462,0.0
24,20231213_0231225T,-32.705,-12.24,6.431,0.381,0.0
25,20231213_0231225T,-32.294,-12.24,7.061,0.362,0.0
26,20231213_0231225T,-30.818,-12.281,6.445,0.392,0.0
27,20231213_0231225T,-27.076,-9.423,5.966,0.405,0.0
28,20231213_0231225T,-24.228,-14.69,4.399,0.444,0.0
29,20231213_0231225T,-22.793,-11.098,3.244,0.495,0.0
30,20231213_0231225T,-20.918,-9.943,3.483,0.524,0.0
31,20231213_0231225T,-22.005,-9.943,4.802,0.477,0.0
32,20231213_0231225T,-24.829,-1.013,5.637,0.378,0.0
33,20231213_0231225T,-24.059,-1.013,6.109,0.347,0.0
34,20231213_0231225T,-25.238,-8.244,4.787,0.434,0.0
35,20231213_0231225T,-28.324,-8.244,4.373,0.472,0.0
36,20231213_0231225T,-32.704,-11.625,7.272,0.393,0.0
37,20231213_0231225T,-37.0,-11.625,6.746,0.375,0.0
38,20231213_0231225T,-39.913,-21.191,4.452,0.473,0.0
39,20231213_0231225T,-41.508,-26.301,4.942,0.422,0.0
40,20231213_0231225T,-41.815,-23.979,5.468,0.363,0.0
41,20231213_0231225T,-42.265,-23.979,5.144,0.406,0.0
42,20231213_0231225T,-44.924,-28.116,6.019,0.417,0.0
43,20231213_0231225T,-49.031,-28.116,7.33,0.367,0.0
44,20231213_0231225T,-50.298,-28.116,6.698,0.384,0.0
45,20231213_0231225T,-50.79,-39.188,4.443,0.441,0.0
46,20231213_0231225T,-51.399,-34.212,4.381,0.41,0.0
47,20231213_0231225T,-52.148,-34.212,3.973,0.443,0.0
48,20231213_0231225T,-52.889,-34.212,3.279,0.527,0.0
49,20231213_0231225T,-55.149,-43.142,2.947,0.591,0.0
50,20231213_0231225T,-58.615,-43.344,4.429,0.536,0.0
51,20231213_0231225T,-63.502,-43.344,6.122,0.448,0.0
52,20231213_0231225T,-69.107,-47.93,6.104,0.425,0.0
53,20231213_0231225T,-72.189,-53.392,4.452,0.433,0.0
54,20231213_0231225T,-72.984,-53.04,5.666,0.402,0.0
55,20231213_0231225T,-77.196,-53.04,7.246,0.407,0.0
56,20231213_0231225T,-83.873,-67.381,6.529,0.456,0.0
57,20231213_0231225T,-84.439,-64.566,6.317,0.413,0.0
58,20231213_0231225T,-83.018,-64.566,5.447,0.414,0.0
59,20231213_0231225T,-83.136,-66.118,5.485,0.43,0.0
60,20231213_0231225T,-82.312,-54.896,6.286,0.429,0.0
61,20231213_0231225T,-83.893,-54.896,7.35,0.382,0.0
62,20231213_0231225T,-87.46,-70.157,7.812,0.332,0.0
63,20231213_0231225T,-90.358,-68.034,8.696,0.301,0.0
64,20231213_0231225T,-94.204,-68.034,9.592,0.284,100.0
65,20231213_0231225T,-95.989,-76.605,9.577,0.29,100.0
66,20231213_0231225T,-97.771,-76.821,9.132,0.31,0.0
67,20231213_0231225T,-93.703,-54.193,12.561,0.313,0.0
68,20231213_0231225T,-90.509,-54.193,12.608,0.272,100.0
69,20231213_0231225T,-94.641,-64.793,8.392,0.359,0.0
70,20231213_0231225T,-95.796,-64.793,5.116,0.51,0.0
71,20231213_0231225T,-94.578,-86.241,3.195,0.57,0.0
72,20231213_0231225T,-95.524,-87.481,3.902,0.588,0.0
73,20231213_0231225T,-100.001,-82.011,6.518,0.467,0.0
74,20231213_0231225T,-104.289,-80.494,8.415,0.355,0.0
75,20231213_0231225T,-105.841,-74.46,8.58,0.358,0.0
76,20231213_0231225T,-102.809,-79.335,8.727,0.387,0.0
77,20231213_0231225T,-95.8,-76.432,7.361,0.417,0.0
78,20231213_0231225T,-93.053,-75.695,6.297,0.416,0.0
79,20231213_0231225T,-94.698,-73.343,7.014,0.354,0.0
80,20231213_0231225T,-98.176,-73.343,9.541,0.345,0.0
81,20231213_0231225T,-99.152,-66.878,10.66,0.283,100.0
82,20231213_0231225T,-97.016,-66.878,10.422,0.257,100.0
83,20231213_0231225T,-95.939,-68.935,9.388,0.282,100.0
84,20231213_0231225T,-96.207,-63.404,9.826,0.281,100.0
85,20231213_0231225T,-94.528,-63.404,11.079,0.259,100.0
86,20231213_0231225T,-90.612,-60.986,10.026,0.303,0.0
87,20231213_0231225T,-90.231,-60.986,8.823,0.377,0.0
88,20231213_0231225T,-93.461,-63.713,9.753,0.347,0.0
89,20231213_0231225T,-94.623,-74.04,9.414,0.308,0.0
90,20231213_0231225T,-91.274,-67.329,8.657,0.305,0.0
91,20231213_0231225T,-89.216,-50.022,10.044,0.314,0.0
92,20231213_0231225T,-87.126,-50.022,10.115,0.346,0.0
93,20231213_0231225T,-85.467,-51.599,8.781,0.324,0.0
94,20231213_0231225T,-85.76,-51.599,8.621,0.369,0.0
95,20231213_0231225T,-91.043,-69.67,9.604,0.38,0.0
96,20231213_0231225T,-101.428,-72.621,11.391,0.287,100.0
97,20231213_0231225T,-111.062,-76.967,9.829,0.34,0.0
98,20231213_0231225T,-117.32,-77.161,11.411,0.322,0.0
99,20231213_0231225T,-115.665,-70.997,15.327,0.238,100.0
100,20231213_0231225T,-106.327,-66.354,16.139,0.225,100.0
101,20231213_0231225T,-102.062,-66.354,12.292,0.266,100.0
102,20231213_0231225T,-104.648,-82.631,9.398,0.303,0.0
103,20231213_0231225T,-107.066,-82.631,8.647,0.346,0.0
104,20231213_0231225T,-110.731,-85.745,8.493,0.357,0.0
105,20231213_0231225T,-113.932,-87.666,10.077,0.285,100.0
106,20231213_0231225T,-123.153,-87.666,14.578,0.253,100.0
107,20231213_0231225T,-131.631,-95.336,11.105,0.261,100.0
108,20231213_0231225T,-132.946,-109.572,10.908,0.238,100.0
109,20231213_0231225T,-132.189,-107.809,10.227,0.247,100.0
110,20231213_0231225T,-131.666,-98.628,10.131,0.296,100.0
111,20231213_0231225T,-134.273,-98.628,9.851,0.314,0.0
112,20231213_0231225T,-136.485,-107.376,10.294,0.306,0.0
113,20231213_0231225T,-141.99,-107.376,12.888,0.27,100.0
114,20231213_0231225T,-153.636,-117.285,15.141,0.258,100.0
115,20231213_0231225T,-160.425,-125.206,13.772,0.294,100.0
116,20231213_0231225T,-164.337,-133.182,10.376,0.382,0.0
117,20231213_0231225T,-169.763,-144.554,8.624,0.407,0.0
118,20231213_0231225T,-169.65,-140.35,8.874,0.365,0.0
119,20231213_0231225T,-165.845,-140.35,9.016,0.365,0.0
120,20231213_0231225T,-163.889,-141.665,7.053,0.41,0.0
121,20231213_0231225T,-165.47,-144.897,5.931,0.442,0.0
122,20231213_0231225T,-165.627,-143.113,7.256,0.43,0.0
123,20231213_0231225T,-161.698,-130.623,10.55,0.331,0.0
124,20231213_0231225T,-155.23,-130.623,10.865,0.318,0.0
125,20231213_0231225T,-151.958,-130.909,7.026,0.39,0.0
126,20231213_0231225T,-159.072,-132.971,9.456,0.413,0.0
127,20231213_0231225T,-170.908,-149.746,9.239,0.381,0.0
128,20231213_0231225T,-172.724,-149.09,8.524,0.389,0.0
129,20231213_0231225T,-170.615,-140.056,9.51,0.351,0.0
130,20231213_0231225T,-170.34,-129.582,11.138,0.28,100.0
131,20231213_0231225T,-168.31,-141.993,8.419,0.348,0.0
132,20231213_0231225T,-164.614,-138.385,7.81,0.419,0.0
133,20231213_0231225T,-159.185,-125.413,10.716,0.299,100.0
134,20231213_0231225T,-155.779,-125.413,11.093,0.262,100.0
135,20231213_0231225T,-152.118,-121.9,9.472,0.34,0.0
136,20231213_0231225T,-149.708,-121.147,8.07,0.336,0.0
137,20231213_0231225T,-147.598,-121.147,7.986,0.371,0.0
138,20231213_0231225T,-143.68,-121.147,6.885,0.404,0.0
139,20231213_0231225T,-141.259,-108.931,11.152,0.319,0.0
140,20231213_0231225T,-136.686,-103.769,12.754,0.245,100.0
141,20231213_0231225T,-133.751,-103.769,9.451,0.295,100.0
142,20231213_0231225T,-133.596,-107.698,10.263,0.278,100.0
143,20231213_0231225T,-134.687,-100.835,12.735,0.209,100.0
144,20231213_0231225T,-136.984,-100.835,11.691,0.237,100.0
145,20231213_0231225T,-137.495,-115.571,9.217,0.295,100.0
146,20231213_0231225T,-138.386,-105.163,10.763,0.327,0.0
147,20231213_0231225T,-144.232,-105.163,10.227,0.295,100.0
148,20231213_0231225T,-144.55,-114.828,11.593,0.251,100.0
149,20231213_0231225T,-139.293,-118.775,14.696,0.321,0.0
150,20231213_0231225T,,,,,0.0
151,20231213_0231225T,,,,,0.0
152,20231213_0231225T,,,,,0.0
153,20231213_0231225T,,,,,0.0
154,20231213_0231225T,,,,,0.0
155,20231213_0231225T,,,,,0.0
156,20231213_0231225T,,,,,0.0
157,20231213_0231225T,,,,,0.0
158,20231213_0231225T,,,,,0.0
159,20231213_0231225T,,,,,0.0
160,20231213_0231225T,,,,,0.0
161,20231213_0231225T,,,,,0.0
162,20231213_0231225T,,,,,0.0
163,20231213_0231225T,,,,,0.0
164,20231213_0231225T,,,,,0.0
165,20231213_0231225T,,,,,0.0
166,20231213_0231225T,,,,,0.0
167,20231213_0231225T,,,,,0.0
168,20231213_0231225T,,,,,0.0
169,20231213_0231225T,,,,,0.0
170,20231213_0231225T,,,,,0.0
171,20231213_0231225T,,,,,0.0
172,20231213_0231225T,,,,,0.0
173,20231213_0231225T,,,,,0.0
174,20231213_0231225T,,,,,0.0
175,20231213_0231225T,,,,,0.0
176,20231213_0231225T,,,,,0.0
177,20231213_0231225T,,,,,0.0
178,20231213_0231225T,,,,,0.0
179,20231213_0231225T,,,,,0.0
180,20231213_0231225T,,,,,0.0
181,20231213_0231225T,,,,,0.0
182,20231213_0231225T,,,,,0.0
183,20231213_0231225T,,,,,0.0
184,20231213_0231225T,,,,,0.0
185,20231213_0231225T,,,,,0.0
186,20231213_0231225T,,,,,0.0
187,20231213_0231225T,,,,,0.0
188,20231213_0231225T,,,,,0.0
189,20231213_0231225T,,,,,0.0
190,20231213_0231225T,,,,,0.0
191,20231213_0231225T,,,,,0.0
192,20231213_0231225T,,,,,0.0
193,20231213_0231225T,,,,,0.0
194,20231213_0231225T,,,,,0.0
195,20231213_0231225T,,,,,0.0
196,20231213_0231225T,,,,,0.0
197,20231213_0231225T,,,,,0.0
198,20231213_0231225T,,,,,0.0
199,20231213_0231225T,,,,,0.0
200,20231213_0231225T,,,,,0.0
201,20231213_0231225T,,,,,0.0
202,20231213_0231225T,,,,,0.0
203,20231213_0231225T,,,,,0.0
204,20231213_0231225T,,,,,0.0
205,20231213_0231225T,,,,,0.0
206,20231213_0231225T,,,,,0.0
207,20231213_0231225T,,,,,0.0
208,20231213_0231225T,,,,,0.0
209,20231213_0231225T,,,,,0.0
210,20231213_0231225T,,,,,0.0
211,20231213_0231225T,,,,,0.0
212,20231213_0231225T,,,,,0.0
213,20231213_0231225T,,,,,0.0
214,20231213_0231225T,,,,,0.0
215,20231213_0231225T,,,,,0.0
216,20231213_0231225T,,,,,0.0
217,20231213_0231225T,,,,,0.0
218,20231213_0231225T,,,,,0.0
219,20231213_0231225T,,,,,0.0
220,20231213_0231225T,,,,,0.0
221,20231213_0231225T,,,,,0.0
222,20231213_0231225T,,,,,0.0
223,20231213_0231225T,,,,,0.0
224,20231213_0231225T,,,,,0.0
225,20231213_0231225T,,,,,0.0
226,20231213_0231225T,,,,,0.0
227,20231213_0231225T,,,,,0.0
228,20231213_0231225T,,,,,0.0
229,20231213_0231225T,,,,,0.0
230,20231213_0231225T,,,,,0.0
231,20231213_0231225T,,,,,0.0
232,20231213_0231225T,,,,,0.0
233,20231213_0231225T,,,,,0.0
234,20231213_0231225T,,,,,0.0
235,20231213_0231225T,,,,,0.0
236,20231213_0231225T,,,,,0.0
237,20231213_0231225T,,,,,0.0
238,20231213_0231225T,,,,,0.0
239,20231213_0231225T,,,,,0.0
240,20231213_0231225T,,,,,0.0
241,20231213_0231225T,,,,,0.0
242,20231213_0231225T,,,,,0.0
243,20231213_0231225T,,,,,0.0
244,20231213_0231225T,,,,,0.0
245,20231213_0231225T,,,,,0.0
246,20231213_0231225T,,,,,0.0
247,20231213_0231225T,,,,,0.0
248,20231213_0231225T,,,,,0.0
249,20231213_0231225T,,,,,0.0
250,20231213_0231225T,,,,,0.0
251,20231213_0231225T,,,,,0.0
252,20231213_0231225T,,,,,0.0
253,20231213_0231225T,,,,,0.0
254,20231213_0231225T,,,,,0.0
255,20231213_0231225T,,,,,0.0
256,20231213_0231225T,,,,,0.0
257,20231213_0231225T,,,,,0.0
258,20231213_0231225T,,,,,0.0
259,20231213_0231225T,,,,,0.0
260,20231213_0231225T,,,,,0.0
261,20231213_0231225T,,,,,0.0
262,20231213_0231225T,,,,,0.0
263,20231213_0231225T,,,,,0.0
264,20231213_0231225T,,,,,0.0
265,20231213_0231225T,,,,,0.0
266,20231213_0231225T,,,,,0.0
267,20231213_0231225T,,,,,0.0
268,20231213_0231225T,,,,,0.0
269,20231213_0231225T,,,,,0.0
270,20231213_0231225T,,,,,0.0
271,20231213_0231225T,,,,,0.0
272,20231213_0231225T,,,,,0.0
273,20231213_0231225T,,,,,0.0
274,20231213_0231225T,,,,,0.0
275,20231213_0231225T,,,,,0.0
276,20231213_0231225T,,,,,0.0
277,20231213_0231225T,,,,,0.0
278,20231213_0231225T,,,,,0.0
279,20231213_0231225T,,,,,0.0
280,20231213_0231225T,,,,,0.0
281,20231213_0231225T,,,,,0.0
282,20231213_0231225T,,,,,0.0
283,20231213_0231225T,,,,,0.0
284,20231213_0231225T,,,,,0.0
285,20231213_0231225T,,,,,0.0
286,20231213_0231225T,,,,,0.0
287,20231213_0231225T,,,,,0.0
288,20231213_0231225T,,,,,0.0
289,20231213_0231225T,,,,,0.0
290,20231213_0231225T,,,,,0.0
291,20231213_0231225T,,,,,0.0
292,20231213_0231225T,,,,,0.0
293,20231213_0231225T,,,,,0.0
294,20231213_0231225T,,,,,0.0
295,20231213_0231225T,,,,,0.0
296,20231213_0231225T,,,,,0.0
297,20231213_0231225T,,,,,0.0
298,20231213_0231225T,,,,,0.0
299,20231213_0231225T,,,,,0.0
300,20231213_0231225T,,,,,0.0
301,20231213_0231225T,,,,,0.0
302,20231213_0231225T,,,,,0.0
303,20231213_0231225T,,,,,0.0
304,20231213_0231225T,,,,,0.0
305,20231213_0231225T,,,,,0.0
306,20231213_0231225T,,,,,0.0
307,20231213_0231225T,,,,,0.0
308,20231213_0231225T,,,,,0.0
309,20231213_0231225T,,,,,0.0
310,20231213_0231225T,,,,,0.0
311,20231213_0231225T,,,,,0.0
312,20231213_0231225T,,,,,0.0
313,20231213_0231225T,,,,,0.0
314,20231213_0231225T,,,,,0.0
315,20231213_0231225T,,,,,0.0
316,20231213_0231225T,,,,,0.0
317,20231213_0231225T,,,,,0.0
318,20231213_0231225T,,,,,0.0
319,20231213_0231225T,,,,,0.0
320,20231213_0231225T,,,,,0.0
321,20231213_0231225T,,,,,0.0
322,20231213_0231225T,,,,,0.0
323,20231213_0231225T,,,,,0.0
324,20231213_0231225T,,,,,0.0
325,20231213_0231225T,,,,,0.0
326,20231213_0231225T,,,,,0.0
327,20231213_0231225T,,,,,0.0
328,20231213_0231225T,,,,,0.0
329,20231213_0231225T,,,,,0.0
330,20231213_0231225T,,,,,0.0
331,20231213_0231225T,,,,,0.0
332,20231213_0231225T,,,,,0.0
333,20231213_0231225T,,,,,0.0
334,20231213_0231225T,,,,,0.0
335,20231213_0231225T,,,,,0.0
336,20231213_0231225T,,,,,0.0
337,20231213_0231225T,,,,,0.0
338,20231213_0231225T,,,,,0.0
339,20231213_0231225T,,,,,0.0
340,20231213_0231225T,,,,,0.0
341,20231213_0231225T,,,,,0.0
342,20231213_0231225T,,,,,0.0
1,20231225_0240106T,22.032,23.916,0.862,0.898,0.0
2,20231225_0240106T,21.099,23.545,1.03,0.899,0.0
3,20231225_0240106T,19.738,21.864,0.899,0.902,0.0
4,20231225_0240106T,18.763,22.658,0.85,0.826,0.0
5,20231225_0240106T,17.918,22.658,1.081,0.817,0.0
6,20231225_0240106T,18.249,34.532,1.929,0.774,0.0
7,20231225_0240106T,20.152,34.532,2.416,0.721,0.0
8,20231225_0240106T,22.875,27.78,2.349,0.786,0.0
9,20231225_0240106T,24.839,27.941,1.093,0.831,0.0
10,20231225_0240106T,24.768,27.375,0.976,0.754,0.0
11,20231225_0240106T,24.008,28.289,1.521,0.703,0.0
12,20231225_0240106T,23.061,28.289,1.704,0.785,0.0
13,20231225_0240106T,23.943,29.052,2.164,0.756,0.0
14,20231225_0240106T,24.513,29.052,1.609,0.761,0.0
15,20231225_0240106T,23.642,26.875,1.205,0.736,0.0
16,20231225_0240106T,23.602,39.449,1.948,0.629,0.0
17,20231225_0240106T,23.103,39.449,2.252,0.649,0.0
18,20231225_0240106T,20.98,39.449,2.406,0.756,0.0
19,20231225_0240106T,19.301,25.804,1.618,0.742,0.0
20,20231225_0240106T,22.238,35.321,4.341,0.568,0.0
21,20231225_0240106T,25.288,38.991,3.878,0.525,0.0
22,20231225_0240106T,26.532,38.991,3.37,0.586,0.0
23,20231225_0240106T,28.138,39.365,3.066,0.646,0.0
24,20231225_0240106T,28.394,36.343,3.066,0.608,0.0
25,20231225_0240106T,27.569,36.343,2.942,0.585,0.0
26,20231225_0240106T,25.511,33.917,2.795,0.626,0.0
27,20231225_0240106T,23.323,31.838,2.51,0.597,0.0
28,20231225_0240106T,22.586,31.128,1.933,0.584,0.0
29,20231225_0240106T,22.593,25.809,1.11,0.726,0.0
30,20231225_0240106T,22.177,25.382,1.046,0.819,0.0
31,20231225_0240106T,22.991,26.993,1.565,0.774,0.0
32,20231225_0240106T,23.938,26.993,1.31,0.734,0.0
33,20231225_0240106T,22.791,26.777,1.575,0.759,0.0
34,20231225_0240106T,22.879,27.262,1.505,0.774,0.0
35,20231225_0240106T,25.205,31.072,1.862,0.772,0.0
36,20231225_0240106T,29.553,40.316,4.005,0.718,0.0
37,20231225_0240106T,35.843,44.329,4.211,0.683,0.0
38,20231225_0240106T,40.562,45.436,2.331,0.761,0.0
39,20231225_0240106T,41.874,45.436,1.473,0.765,0.0
40,20231225_0240106T,41.857,45.024,1.312,0.757,0.0
41,20231225_0240106T,43.076,47.736,1.495,0.77,0.0
42,20231225_0240106T,45.262,50.486,1.716,0.717,0.0
43,20231225_0240106T,47.582,52.425,1.863,0.639,0.0
44,20231225_0240106T,48.722,53.216,1.368,0.65,0.0
45,20231225_0240106T,48.965,52.138,1.232,0.752,0.0
46,20231225_0240106T,50.183,53.191,1.21,0.833,0.0
47,20231225_0240106T,52.158,55.73,1.517,0.855,0.0
48,20231225_0240106T,54.877,59.302,1.986,0.863,0.0
49,20231225_0240106T,57.443,60.527,1.382,0.866,0.0
50,20231225_0240106T,59.992,66.213,2.165,0.849,0.0
51,20231225_0240106T,64.182,69.765,3.138,0.837,0.0
52,20231225_0240106T,69.053,75.283,2.832,0.847,0.0
53,20231225_0240106T,71.741,76.543,1.33,0.858,0.0
54,20231225_0240106T,72.609,77.561,1.528,0.84,0.0
55,20231225_0240106T,77.449,87.731,4.965,0.833,0.0
56,20231225_0240106T,83.95,101.024,4.174,0.749,0.0
57,20231225_0240106T,84.287,101.024,3.634,0.707,0.0
58,20231225_0240106T,82.568,86.508,1.461,0.772,0.0
59,20231225_0240106T,83.201,87.89,1.376,0.786,0.0
60,20231225_0240106T,82.951,86.27,1.353,0.765,0.0
61,20231225_0240106T,83.727,87.867,1.929,0.745,0.0
62,20231225_0240106T,85.996,92.085,1.769,0.752,0.0
63,20231225_0240106T,88.736,97.699,2.765,0.671,0.0
64,20231225_0240106T,92.046,105.957,3.621,0.582,0.0
65,20231225_0240106T,94.472,118.706,4.718,0.492,0.0
66,20231225_0240106T,97.292,118.706,4.894,0.47,0.0
67,20231225_0240106T,102.678,131.309,6.445,0.523,0.0
68,20231225_0240106T,106.365,131.309,8.24,0.479,0.0
69,20231225_0240106T,100.688,131.309,9.162,0.578,0.0
70,20231225_0240106T,95.642,109.479,2.902,0.776,0.0
71,20231225_0240106T,94.816,98.716,1.778,0.829,0.0
72,20231225_0240106T,95.93,103.576,2.835,0.832,0.0
73,20231225_0240106T,100.084,107.487,3.436,0.771,0.0
74,20231225_0240106T,104.247,112.296,2.983,0.696,0.0
75,20231225_0240106T,106.87,112.881,2.276,0.664,0.0
76,20231225_0240106T,104.664,112.881,3.826,0.681,0.0
77,20231225_0240106T,99.174,109.411,3.844,0.712,0.0
78,20231225_0240106T,95.459,100.812,1.961,0.704,0.0
79,20231225_0240106T,94.724,100.794,2.139,0.662,0.0
80,20231225_0240106T,96.861,116.217,5.027,0.569,0.0
81,20231225_0240106T,98.355,116.217,5.93,0.452,0.0
82,20231225_0240106T,97.524,115.121,4.976,0.459,0.0
83,20231225_0240106T,96.03,109.866,4.047,0.534,0.0
84,20231225_0240106T,96.098,119.472,5.407,0.55,0.0
85,20231225_0240106T,98.253,119.472,6.95,0.535,0.0
86,20231225_0240106T,97.732,114.19,6.503,0.579,0.0
87,20231225_0240106T,95.564,109.591,4.411,0.636,0.0
88,20231225_0240106T,97.372,112.273,3.855,0.597,0.0
89,20231225_0240106T,98.711,112.273,3.589,0.488,0.0
90,20231225_0240106T,98.073,108.686,3.539,0.504,0.0
91,20231225_0240106T,98.452,106.507,2.79,0.576,0.0
92,20231225_0240106T,97.212,108.005,2.91,0.643,0.0
93,20231225_0240106T,95.33,108.005,2.548,0.594,0.0
94,20231225_0240106T,96.176,106.042,3.33,0.584,0.0
95,20231225_0240106T,100.312,119.321,5.305,0.598,0.0
96,20231225_0240106T,109.188,128.328,7.337,0.512,0.0
97,20231225_0240106T,119.395,135.127,7.701,0.518,0.0
98,20231225_0240106T,128.935,145.043,7.024,0.491,0.0
99,20231225_0240106T,129.224,147.229,8.834,0.413,0.0
100,20231225_0240106T,124.03,147.229,9.655,0.351,0.0
101,20231225_0240106T,116.451,144.574,9.839,0.345,0.0
102,20231225_0240106T,113.07,134.561,6.809,0.45,0.0
103,20231225_0240106T,117.04,129.98,5.582,0.563,0.0
104,20231225_0240106T,121.906,140.791,4.253,0.579,0.0
105,20231225_0240106T,129.948,161.073,9.428,0.484,0.0
106,20231225_0240106T,142.229,169.057,9.908,0.392,0.0
107,20231225_0240106T,143.203,169.057,9.105,0.367,0.0
108,20231225_0240106T,139.255,165.599,7.404,0.374,0.0
109,20231225_0240106T,138.354,165.599,6.186,0.402,0.0
110,20231225_0240106T,138.169,155.278,4.971,0.443,0.0
111,20231225_0240106T,139.49,156.355,5.451,0.447,0.0
112,20231225_0240106T,145.695,175.554,7.64,0.38,0.0
113,20231225_0240106T,155.274,186.891,9.318,0.355,0.0
114,20231225_0240106T,160.943,188.187,7.459,0.383,0.0
115,20231225_0240106T,163.286,188.187,6.667,0.418,0.0
116,20231225_0240106T,168.411,187.352,6.564,0.565,0.0
117,20231225_0240106T,173.398,187.352,5.272,0.64,0.0
118,20231225_0240106T,172.584,185.359,6.184,0.605,0.0
119,20231225_0240106T,167.422,181.978,6.918,0.543,0.0
120,20231225_0240106T,163.181,178.329,3.691,0.565,0.0
121,20231225_0240106T,163.437,171.686,3.066,0.615,0.0
122,20231225_0240106T,162.314,176.513,4.22,0.552,0.0
123,20231225_0240106T,158.813,176.513,5.717,0.425,0.0
124,20231225_0240106T,152.814,175.31,5.745,0.472,0.0
125,20231225_0240106T,150.837,162.678,3.544,0.597,0.0
126,20231225_0240106T,158.137,189.989,7.523,0.594,0.0
127,20231225_0240106T,168.83,189.989,6.665,0.583,0.0
128,20231225_0240106T,171.579,183.746,4.977,0.56,0.0
129,20231225_0240106T,168.293,181.644,5.399,0.497,0.0
130,20231225_0240106T,166.288,186.12,5.283,0.461,0.0
131,20231225_0240106T,165.971,179.887,4.862,0.462,0.0
132,20231225_0240106T,162.955,178.405,4.84,0.509,0.0
133,20231225_0240106T,158.49,176.185,5.158,0.455,0.0
134,20231225_0240106T,153.899,172.549,6.081,0.42,0.0
135,20231225_0240106T,149.367,167.038,5.609,0.48,0.0
136,20231225_0240106T,148.349,162.887,4.641,0.468,0.0
137,20231225_0240106T,146.454,162.887,4.33,0.521,0.0
138,20231225_0240106T,142.017,154.89,3.604,0.569,0.0
139,20231225_0240106T,138.245,158.731,6.0,0.429,0.0
140,20231225_0240106T,135.574,158.731,6.103,0.424,0.0
141,20231225_0240106T,133.824,150.767,5.246,0.465,0.0
142,20231225_0240106T,132.55,153.748,6.432,0.417,0.0
143,20231225_0240106T,131.288,153.748,7.716,0.381,0.0
144,20231225_0240106T,128.9,147.947,7.607,0.384,0.0
145,20231225_0240106T,127.802,144.542,6.699,0.384,0.0
146,20231225_0240106T,127.68,144.542,5.481,0.453,0.0
147,20231225_0240106T,126.545,139.626,4.434,0.557,0.0
148,20231225_0240106T,123.28,129.757,2.729,0.518,0.0
149,20231225_0240106T,,,,,0.0
150,20231225_0240106T,,,,,0.0
151,20231225_0240106T,,,,,0.0
152,20231225_0240106T,,,,,0.0
153,20231225_0240106T,,,,,0.0
154,20231225_0240106T,,,,,0.0
155,20231225_0240106T,,,,,0.0
156,20231225_0240106T,,,,,0.0
157,20231225_0240106T,,,,,0.0
158,20231225_0240106T,,,,,0.0
159,20231225_0240106T,,,,,0.0
160,20231225_0240106T,,,,,0.0
161,20231225_0240106T,,,,,0.0
162,20231225_0240106T,,,,,0.0
163,20231225_0240106T,,,,,0.0
164,20231225_0240106T,,,,,0.0
165,20231225_0240106T,,,,,0.0
166,20231225_0240106T,,,,,0.0
167,20231225_0240106T,,,,,0.0
168,20231225_0240106T,,,,,0.0
169,20231225_0240106T,,,,,0.0
170,20231225_0240106T,,,,,0.0
171,20231225_0240106T,,,,,0.0
172,20231225_0240106T,,,,,0.0
173,20231225_0240106T,,,,,0.0
174,20231225_0240106T,,,,,0.0
175,20231225_0240106T,,,,,0.0
176,20231225_0240106T,,,,,0.0
177,20231225_0240106T,,,,,0.0
178,20231225_0240106T,,,,,0.0
179,20231225_0240106T,,,,,0.0
180,20231225_0240106T,,,,,0.0
181,20231225_0240106T,,,,,0.0
182,20231225_0240106T,,,,,0.0
183,20231225_0240106T,,,,,0.0
184,20231225_0240106T,,,,,0.0
185,20231225_0240106T,,,,,0.0
186,20231225_0240106T,,,,,0.0
187,20231225_0240106T,,,,,0.0
188,20231225_0240106T,,,,,0.0
189,20231225_0240106T,,,,,0.0
190,20231225_0240106T,,,,,0.0
191,20231225_0240106T,,,,,0.0
192,20231225_0240106T,,,,,0.0
193,20231225_0240106T,,,,,0.0
194,20231225_0240106T,,,,,0.0
195,20231225_0240106T,,,,,0.0
196,20231225_0240106T,,,,,0.0
197,20231225_0240106T,,,,,0.0
198,20231225_0240106T,,,,,0.0
199,20231225_0240106T,,,,,0.0
200,20231225_0240106T,,,,,0.0
201,20231225_0240106T,,,,,0.0
202,20231225_0240106T,,,,,0.0
203,20231225_0240106T,,,,,0.0
204,20231225_0240106T,,,,,0.0
205,20231225_0240106T,,,,,0.0
206,20231225_0240106T,,,,,0.0
207,20231225_0240106T,,,,,0.0
208,20231225_0240106T,,,,,0.0
209,20231225_0240106T,,,,,0.0
210,20231225_0240106T,,,,,0.0
211,20231225_0240106T,,,,,0.0
212,20231225_0240106T,,,,,0.0
213,20231225_0240106T,,,,,0.0
214,20231225_0240106T,,,,,0.0
215,20231225_0240106T,,,,,0.0
216,20231225_0240106T,,,,,0.0
217,20231225_0240106T,,,,,0.0
218,20231225_0240106T,,,,,0.0
219,20231225_0240106T,,,,,0.0
220,20231225_0240106T,,,,,0.0
221,20231225_0240106T,,,,,0.0
222,20231225_0240106T,,,,,0.0
223,20231225_0240106T,,,,,0.0
224,20231225_0240106T,,,,,0.0
225,20231225_0240106T,,,,,0.0
226,20231225_0240106T,,,,,0.0
227,20231225_0240106T,,,,,0.0
228,20231225_0240106T,,,,,0.0
229,20231225_0240106T,,,,,0.0
230,20231225_0240106T,,,,,0.0
231,20231225_0240106T,,,,,0.0
232,20231225_0240106T,,,,,0.0
233,20231225_0240106T,,,,,0.0
234,20231225_0240106T,,,,,0.0
235,20231225_0240106T,,,,,0.0
236,20231225_0240106T,,,,,0.0
237,20231225_0240106T,,,,,0.0
238,20231225_0240106T,,,,,0.0
239,20231225_0240106T,,,,,0.0
240,20231225_0240106T,,,,,0.0
241,20231225_0240106T,,,,,0.0
242,20231225_0240106T,,,,,0.0
243,20231225_0240106T,,,,,0.0
244,20231225_0240106T,,,,,0.0
245,20231225_0240106T,,,,,0.0
246,20231225_0240106T,,,,,0.0
247,20231225_0240106T,,,,,0.0
248,20231225_0240106T,,,,,0.0
249,20231225_0240106T,,,,,0.0
250,20231225_0240106T,,,,,0.0
251,20231225_0240106T,,,,,0.0
252,20231225_0240106T,,,,,0.0
253,20231225_0240106T,,,,,0.0
254,20231225_0240106T,,,,,0.0
255,20231225_0240106T,,,,,0.0
256,20231225_0240106T,,,,,0.0
257,20231225_0240106T,,,,,0.0
258,20231225_0240106T,,,,,0.0
259,20231225_0240106T,,,,,0.0
260,20231225_0240106T,,,,,0.0
261,20231225_0240106T,,,,,0.0
262,20231225_0240106T,,,,,0.0
263,20231225_0240106T,,,,,0.0
264,20231225_0240106T,,,,,0.0
265,20231225_0240106T,,,,,0.0
266,20231225_0240106T,,,,,0.0
267,20231225_0240106T,,,,,0.0
268,20231225_0240106T,,,,,0.0
269,20231225_0240106T,,,,,0.0
270,20231225_0240106T,,,,,0.0
271,20231225_0240106T,,,,,0.0
272,20231225_0240106T,,,,,0.0
273,20231225_0240106T,,,,,0.0
274,20231225_0240106T,,,,,0.0
275,20231225_0240106T,,,,,0.0
276,20231225_0240106T,,,,,0.0
277,20231225_0240106T,,,,,0.0
278,20231225_0240106T,,,,,0.0
279,20231225_0240106T,,,,,0.0
280,20231225_0240106T,,,,,0.0
281,20231225_0240106T,,,,,0.0
282,20231225_0240106T,,,,,0.0
283,20231225_0240106T,,,,,0.0
284,20231225_0240106T,,,,,0.0
285,20231225_0240106T,,,,,0.0
286,20231225_0240106T,,,,,0.0
287,20231225_0240106T,,,,,0.0
288,20231225_0240106T,,,,,0.0
289,20231225_0240106T,,,,,0.0
290,20231225_0240106T,,,,,0.0
291,20231225_0240106T,,,,,0.0
292,20231225_0240106T,,,,,0.0
293,20231225_0240106T,,,,,0.0
294,20231225_0240106T,,,,,0.0
295,20231225_0240106T,,,,,0.0
296,20231225_0240106T,,,,,0.0
297,20231225_0240106T,,,,,0.0
298,20231225_0240106T,,,,,0.0
299,20231225_0240106T,,,,,0.0
300,20231225_0240106T,,,,,0.0
301,20231225_0240106T,,,,,0.0
302,20231225_0240106T,,,,,0.0
303,20231225_0240106T,,,,,0.0
304,20231225_0240106T,,,,,0.0
305,20231225_0240106T,,,,,0.0
306,20231225_0240106T,,,,,0.0
307,20231225_0240106T,,,,,0.0
308,20231225_0240106T,,,,,0.0
309,20231225_0240106T,,,,,0.0
310,20231225_0240106T,,,,,0.0
311,20231225_0240106T,,,,,0.0
312,20231225_0240106T,,,,,0.0
313,20231225_0240106T,,,,,0.0
314,20231225_0240106T,,,,,0.0
315,20231225_0240106T,,,,,0.0
316,20231225_0240106T,,,,,0.0
317,20231225_0240106T,,,,,0.0
318,20231225_0240106T,,,,,0.0
319,20231225_0240106T,,,,,0.0
320,20231225_0240106T,,,,,0.0
321,20231225_0240106T,,,,,0.0
322,20231225_0240106T,,,,,0.0
323,20231225_0240106T,,,,,0.0
324,20231225_0240106T,,,,,0.0
325,20231225_0240106T,,,,,0.0
326,20231225_0240106T,,,,,0.0
327,20231225_0240106T,,,,,0.0
328,20231225_0240106T,,,,,0.0
329,20231225_0240106T,,,,,0.0
330,20231225_0240106T,,,,,0.0
331,20231225_0240106T,,,,,0.0
332,20231225_0240106T,,,,,0.0
333,20231225_0240106T,,,,,0.0
334,20231225_0240106T,,,,,0.0
335,20231225_0240106T,,,,,0.0
336,20231225_0240106T,,,,,0.0
337,20231225_0240106T,,,,,0.0
338,20231225_0240106T,,,,,0.0
339,20231225_0240106T,,,,,0.0
340,20231225_0240106T,,,,,0.0
341,20231225_0240106T,,,,,0.0
342,20231225_0240106T,,,,,0.0
1,20240106_0240118T,-50.49,-32.639,4.515,0.461,0.0
2,20240106_0240118T,-50.167,-32.639,5.21,0.417,0.0
3,20240106_0240118T,-50.533,-32.639,5.232,0.434,0.0
4,20240106_0240118T,-49.842,-29.435,6.653,0.38,0.0
5,20240106_0240118T,-48.686,-22.113,7.69,0.335,0.0
6,20240106_0240118T,-49.939,-22.113,8.329,0.292,100.0
7,20240106_0240118T,-50.229,-7.219,10.137,0.296,100.0
8,20240106_0240118T,-50.78,-28.339,7.783,0.329,0.0
9,20240106_0240118T,-48.806,-31.437,7.057,0.353,0.0
10,20240106_0240118T,-46.844,-22.052,9.719,0.304,0.0
11,20240106_0240118T,-50.024,-17.054,13.454,0.255,100.0
12,20240106_0240118T,-47.426,-17.054,13.575,0.235,100.0
13,20240106_0240118T,-38.692,-11.102,11.467,0.235,100.0
14,20240106_0240118T,-38.769,-11.102,11.126,0.248,100.0
15,20240106_0240118T,-43.31,-17.844,9.777,0.243,100.0
16,20240106_0240118T,-42.996,-11.151,11.229,0.229,100.0
17,20240106_0240118T,-40.038,-1.578,13.675,0.252,100.0
18,20240106_0240118T,-32.732,-1.578,13.275,0.24,100.0
19,20240106_0240118T,-30.685,-1.578,12.044,0.245,100.0
20,20240106_0240118T,-40.581,-5.286,13.47,0.232,100.0
21,20240106_0240118T,-43.481,-19.521,11.895,0.227,100.0
22,20240106_0240118T,-42.313,-13.085,11.252,0.25,100.0
23,20240106_0240118T,-40.381,-9.17,12.032,0.251,100.0
24,20240106_0240118T,-39.064,-9.17,11.701,0.243,100.0
25,20240106_0240118T,-44.605,-14.161,13.5,0.218,100.0
26,20240106_0240118T,-48.19,-16.117,14.598,0.238,100.0
27,20240106_0240118T,-47.557,-16.117,13.34,0.288,100.0
28,20240106_0240118T,-43.497,-19.388,11.341,0.27,100.0
29,20240106_0240118T,-40.827,-12.827,10.628,0.25,100.0
30,20240106_0240118T,-41.619,-12.827,9.877,0.234,100.0
31,20240106_0240118T,-43.727,-16.887,8.829,0.264,100.0
32,20240106_0240118T,-43.236,-13.409,10.657,0.263,100.0
33,20240106_0240118T,-44.881,-13.409,12.259,0.226,100.0
34,20240106_0240118T,-43.486,-14.183,11.842,0.227,100.0
35,20240106_0240118T,-40.505,-14.183,11.22,0.234,100.0
36,20240106_0240118T,-43.297,-18.975,10.47,0.243,100.0
37,20240106_0240118T,-45.077,-18.889,9.917,0.275,100.0
38,20240106_0240118T,-45.171,-18.889,9.33,0.295,100.0
39,20240106_0240118T,-44.646,-22.929,8.53,0.281,100.0
40,20240106_0240118T,-43.655,-16.784,8.984,0.271,100.0
41,20240106_0240118T,-42.269,-16.784,8.236,0.313,0.0
42,20240106_0240118T,-41.633,-19.695,7.21,0.359,0.0
43,20240106_0240118T,-40.755,-18.644,7.962,0.326,0.0
44,20240106_0240118T,-41.768,-18.644,8.881,0.308,0.0
45,20240106_0240118T,-40.904,-6.56,9.27,0.328,0.0
46,20240106_0240118T,-39.877,-13.313,8.381,0.32,0.0
47,20240106_0240118T,-40.66,-16.624,7.39,0.327,0.0
48,20240106_0240118T,-41.375,-17.564,8.1,0.299,100.0
49,20240106_0240118T,-41.874,-18.592,9.484,0.269,100.0
50,20240106_0240118T,-41.26,-18.592,8.549,0.277,100.0
51,20240106_0240118T,-39.725,-19.617,7.908,0.318,0.0
52,20240106_0240118T,-37.417,-15.832,6.134,0.421,0.0
53,20240106_0240118T,-36.247,-15.832,4.22,0.472,0.0
54,20240106_0240118T,-36.974,-21.693,4.324,0.449,0.0
55,20240106_0240118T,-39.281,-21.693,5.414,0.428,0.0
56,20240106_0240118T,-42.575,-20.162,7.117,0.406,0.0
57,20240106_0240118T,-42.475,-18.438,8.823,0.324,0.0
58,20240106_0240118T,-42.841,-18.438,8.631,0.338,0.0
59,20240106_0240118T,-44.42,-22.653,7.065,0.378,0.0
60,20240106_0240118T,-44.243,-17.943,6.911,0.368,0.0
61,20240106_0240118T,-43.895,-12.838,8.179,0.32,0.0
62,20240106_0240118T,-42.911,-12.838,9.36,0.295,100.0
63,20240106_0240118T,-44.157,-19.517,9.445,0.326,0.0
64,20240106_0240118T,-43.604,-19.307,9.94,0.305,0.0
65,20240106_0240118T,-44.99,-17.017,10.797,0.281,100.0
66,20240106_0240118T,-46.809,-17.017,10.559,0.255,100.0
67,20240106_0240118T,-45.127,-14.049,9.646,0.266,100.0
68,20240106_0240118T,-45.12,-14.049,9.09,0.295,100.0
69,20240106_0240118T,-44.84,-15.245,7.029,0.38,0.0
70,20240106_0240118T,-42.676,-20.073,6.307,0.448,0.0
71,20240106_0240118T,-39.7,-20.073,6.336,0.477,0.0
72,20240106_0240118T,-39.387,-15.043,5.905,0.491,0.0
73,20240106_0240118T,-41.811,-15.043,6.513,0.403,0.0
74,20240106_0240118T,-43.809,-23.199,7.477,0.283,100.0
75,20240106_0240118T,-44.532,-23.199,6.85,0.327,0.0
76,20240106_0240118T,-44.228,-27.516,5.594,0.382,0.0
77,20240106_0240118T,-43.938,-28.663,4.829,0.422,0.0
78,20240106_0240118T,-43.296,-26.895,4.344,0.487,0.0
79,20240106_0240118T,-43.372,-26.414,5.102,0.436,0.0
80,20240106_0240118T,-44.377,-22.014,7.782,0.327,0.0
81,20240106_0240118T,-44.572,-19.872,9.816,0.253,100.0
82,20240106_0240118T,-43.8,-18.982,9.999,0.25,100.0
83,20240106_0240118T,-43.249,-18.982,9.084,0.249,100.0
84,20240106_0240118T,-44.268,-12.833,9.575,0.215,100.0
85,20240106_0240118T,-47.215,-12.833,10.484,0.209,100.0
86,20240106_0240118T,-49.171,-24.914,8.524,0.298,100.0
87,20240106_0240118T,-48.846,-22.763,8.658,0.337,0.0
88,20240106_0240118T,-46.796,-22.342,9.857,0.285,100.0
89,20240106_0240118T,-45.553,-6.888,9.593,0.288,100.0
90,20240106_0240118T,-48.809,-6.888,10.145,0.318,0.0
91,20240106_0240118T,-49.553,-19.426,10.18,0.28,100.0
92,20240106_0240118T,-48.738,-13.252,9.962,0.299,100.0
93,20240106_0240118T,-49.893,-19.739,10.415,0.284,100.0
94,20240106_0240118T,-48.272,-12.197,12.083,0.235,100.0
95,20240106_0240118T,-47.768,-17.427,10.299,0.27,100.0
96,20240106_0240118T,-45.605,-19.445,8.352,0.336,0.0
97,20240106_0240118T,-43.423,-16.012,7.534,0.341,0.0
98,20240106_0240118T,-43.59,-16.012,9.062,0.284,100.0
99,20240106_0240118T,-46.101,-13.651,11.632,0.23,100.0
100,20240106_0240118T,-46.553,-6.729,12.728,0.229,100.0
101,20240106_0240118T,-43.823,10.066,14.724,0.241,100.0
102,20240106_0240118T,-42.688,10.066,13.639,0.274,100.0
103,20240106_0240118T,-46.531,-22.314,7.727,0.357,0.0
104,20240106_0240118T,-48.871,-22.314,7.591,0.352,0.0
105,20240106_0240118T,-49.371,-29.741,8.192,0.293,100.0
106,20240106_0240118T,-50.49,-22.2,9.553,0.299,100.0
107,20240106_0240118T,-52.437,-22.2,10.136,0.286,100.0
108,20240106_0240118T,-50.868,-16.382,11.304,0.252,100.0
109,20240106_0240118T,-44.913,-16.382,11.044,0.275,100.0
110,20240106_0240118T,-40.159,-15.382,9.868,0.302,0.0
111,20240106_0240118T,-42.952,-15.382,9.756,0.296,100.0
112,20240106_0240118T,-49.044,-25.587,8.96,0.304,0.0
113,20240106_0240118T,-51.804,-15.209,10.88,0.287,100.0
114,20240106_0240118T,-47.795,-15.209,13.074,0.205,100.0
115,20240106_0240118T,-42.655,-14.054,10.292,0.214,100.0
116,20240106_0240118T,-42.755,-14.054,8.279,0.327,0.0
117,20240106_0240118T,-43.31,-21.489,6.978,0.37,0.0
118,20240106_0240118T,-40.825,-8.948,8.662,0.359,0.0
119,20240106_0240118T,-38.481,-8.948,8.667,0.363,0.0
120,20240106_0240118T,-38.308,-15.246,7.171,0.351,0.0
121,20240106_0240118T,-36.93,-3.645,6.879,0.399,0.0
122,20240106_0240118T,-37.018,-14.238,7.436,0.375,0.0
123,20240106_0240118T,-36.508,-3.393,10.214,0.27,100.0
124,20240106_0240118T,-35.018,-9.815,10.07,0.288,100.0
125,20240106_0240118T,-33.708,-8.897,8.41,0.342,0.0
126,20240106_0240118T,-34.076,-8.897,7.567,0.373,0.0
127,20240106_0240118T,-35.185,-10.281,6.317,0.435,0.0
128,20240106_0240118T,-35.497,-11.415,6.999,0.403,0.0
129,20240106_0240118T,-35.331,-6.345,8.958,0.288,100.0
130,20240106_0240118T,-35.154,-6.345,8.631,0.3,100.0
131,20240106_0240118T,-34.107,-6.369,8.307,0.318,0.0
132,20240106_0240118T,-35.185,-6.369,9.626,0.303,0.0
133,20240106_0240118T,-37.437,-4.031,11.172,0.246,100.0
134,20240106_0240118T,-34.966,-4.031,10.992,0.251,100.0
135,20240106_0240118T,-32.023,-7.467,9.59,0.293,100.0
136,20240106_0240118T,-30.105,-4.932,8.519,0.284,100.0
137,20240106_0240118T,-30.294,-10.396,7.558,0.329,0.0
138,20240106_0240118T,-30.201,-10.123,7.289,0.344,0.0
139,20240106_0240118T,-30.859,5.664,9.781,0.271,100.0
140,20240106_0240118T,-33.568,5.664,11.902,0.247,100.0
141,20240106_0240118T,-35.508,-4.651,14.518,0.236,100.0
142,20240106_0240118T,-28.727,10.444,14.824,0.254,100.0
143,20240106_0240118T,-25.7,10.444,14.014,0.262,100.0
144,20240106_0240118T,-35.343,3.041,17.014,0.262,100.0
145,20240106_0240118T,-38.956,-6.473,15.872,0.23,100.0
146,20240106_0240118T,-26.803,4.757,15.631,0.262,100.0
147,20240106_0240118T,-14.112,17.265,12.893,0.328,0.0
148,20240106_0240118T,-7.414,17.265,12.066,0.263,100.0
149,20240106_0240118T,,,,,0.0
150,20240106_0240118T,,,,,0.0
151,20240106_0240118T,,,,,0.0
152,20240106_0240118T,,,,,0.0
153,20240106_0240118T,,,,,0.0
154,20240106_0240118T,,,,,0.0
155,20240106_0240118T,,,,,0.0
156,20240106_0240118T,,,,,0.0
157,20240106_0240118T,,,,,0.0
158,20240106_0240118T,,,,,0.0
159,20240106_0240118T,,,,,0.0
160,20240106_0240118T,,,,,0.0
161,20240106_0240118T,,,,,0.0
162,20240106_0240118T,,,,,0.0
163,20240106_0240118T,,,,,0.0
164,20240106_0240118T,,,,,0.0
165,20240106_0240118T,,,,,0.0
166,20240106_0240118T,,,,,0.0
167,20240106_0240118T,,,,,0.0
168,20240106_0240118T,,,,,0.0
169,20240106_0240118T,,,,,0.0
170,20240106_0240118T,,,,,0.0
171,20240106_0240118T,,,,,0.0
172,20240106_0240118T,,,,,0.0
173,20240106_0240118T,,,,,0.0
174,20240106_0240118T,,,,,0.0
175,20240106_0240118T,,,,,0.0
176,20240106_0240118T,,,,,0.0
177,20240106_0240118T,,,,,0.0
178,20240106_0240118T,,,,,0.0
179,20240106_0240118T,,,,,0.0
180,20240106_0240118T,,,,,0.0
181,20240106_0240118T,,,,,0.0
182,20240106_0240118T,,,,,0.0
183,20240106_0240118T,,,,,0.0
184,20240106_0240118T,,,,,0.0
185,20240106_0240118T,,,,,0.0
186,20240106_0240118T,,,,,0.0
187,20240106_0240118T,,,,,0.0
188,20240106_0240118T,,,,,0.0
189,20240106_0240118T,,,,,0.0
190,20240106_0240118T,,,,,0.0
191,20240106_0240118T,,,,,0.0
192,20240106_0240118T,,,,,0.0
193,20240106_0240118T,,,,,0.0
194,20240106_0240118T,,,,,0.0
195,20240106_0240118T,,,,,0.0
196,20240106_0240118T,,,,,0.0
197,20240106_0240118T,,,,,0.0
198,20240106_0240118T,,,,,0.0
199,20240106_0240118T,,,,,0.0
200,20240106_0240118T,,,,,0.0
201,20240106_0240118T,,,,,0.0
202,20240106_0240118T,,,,,0.0
203,20240106_0240118T,,,,,0.0
204,20240106_0240118T,,,,,0.0
205,20240106_0240118T,,,,,0.0
206,20240106_0240118T,,,,,0.0
207,20240106_0240118T,,,,,0.0
208,20240106_0240118T,,,,,0.0
209,20240106_0240118T,,,,,0.0
210,20240106_0240118T,,,,,0.0
211,20240106_0240118T,,,,,0.0
212,20240106_0240118T,,,,,0.0
213,20240106_0240118T,,,,,0.0
214,20240106_0240118T,,,,,0.0
215,20240106_0240118T,,,,,0.0
216,20240106_0240118T,,,,,0.0
217,20240106_0240118T,,,,,0.0
218,20240106_0240118T,,,,,0.0
219,20240106_0240118T,,,,,0.0
220,20240106_0240118T,,,,,0.0
221,20240106_0240118T,,,,,0.0
222,20240106_0240118T,,,,,0.0
223,20240106_0240118T,,,,,0.0
224,20240106_0240118T,,,,,0.0
225,20240106_0240118T,,,,,0.0
226,20240106_0240118T,,,,,0.0
227,20240106_0240118T,,,,,0.0
228,20240106_0240118T,,,,,0.0
229,20240106_0240118T,,,,,0.0
230,20240106_0240118T,,,,,0.0
231,20240106_0240118T,,,,,0.0
232,20240106_0240118T,,,,,0.0
233,20240106_0240118T,,,,,0.0
234,20240106_0240118T,,,,,0.0
235,20240106_0240118T,,,,,0.0
236,20240106_0240118T,,,,,0.0
237,20240106_0240118T,,,,,0.0
238,20240106_0240118T,,,,,0.0
239,20240106_0240118T,,,,,0.0
240,20240106_0240118T,,,,,0.0
241,20240106_0240118T,,,,,0.0
242,20240106_0240118T,,,,,0.0
243,20240106_0240118T,,,,,0.0
244,20240106_0240118T,,,,,0.0
245,20240106_0240118T,,,,,0.0
246,20240106_0240118T,,,,,0.0
247,20240106_0240118T,,,,,0.0
248,20240106_0240118T,,,,,0.0
249,20240106_0240118T,,,,,0.0
250,20240106_0240118T,,,,,0.0
251,20240106_0240118T,,,,,0.0
252,20240106_0240118T,,,,,0.0
253,20240106_0240118T,,,,,0.0
254,20240106_0240118T,,,,,0.0
255,20240106_0240118T,,,,,0.0
256,20240106_0240118T,,,,,0.0
257,20240106_0240118T,,,,,0.0
258,20240106_0240118T,,,,,0.0
259,20240106_0240118T,,,,,0.0
260,20240106_0240118T,,,,,0.0
261,20240106_0240118T,,,,,0.0
262,20240106_0240118T,,,,,0.0
263,20240106_0240118T,,,,,0.0
264,20240106_0240118T,,,,,0.0
265,20240106_0240118T,,,,,0.0
266,20240106_0240118T,,,,,0.0
267,20240106_0240118T,,,,,0.0
268,20240106_0240118T,,,,,0.0
269,20240106_0240118T,,,,,0.0
270,20240106_0240118T,,,,,0.0
271,20240106_0240118T,,,,,0.0
272,20240106_0240118T,,,,,0.0
273,20240106_0240118T,,,,,0.0
274,20240106_0240118T,,,,,0.0
275,20240106_0240118T,,,,,0.0
276,20240106_0240118T,,,,,0.0
277,20240106_0240118T,,,,,0.0
278,20240106_0240118T,,,,,0.0
279,20240106_0240118T,,,,,0.0
280,20240106_0240118T,,,,,0.0
281,20240106_0240118T,,,,,0.0
282,20240106_0240118T,,,,,0.0
283,20240106_0240118T,,,,,0.0
284,20240106_0240118T,,,,,0.0
285,20240106_0240118T,,,,,0.0
286,20240106_0240118T,,,,,0.0
287,20240106_0240118T,,,,,0.0
288,20240106_0240118T,,,,,0.0
289,20240106_0240118T,,,,,0.0
290,20240106_0240118T,,,,,0.0
291,20240106_0240118T,,,,,0.0
292,20240106_0240118T,,,,,0.0
293,20240106_0240118T,,,,,0.0
294,20240106_0240118T,,,,,0.0
295,20240106_0240118T,,,,,0.0
296,20240106_0240118T,,,,,0.0
297,20240106_0240118T,,,,,0.0
298,20240106_0240118T,,,,,0.0
299,20240106_0240118T,,,,,0.0
300,20240106_0240118T,,,,,0.0
301,20240106_0240118T,,,,,0.0
302,20240106_0240118T,,,,,0.0
303,20240106_0240118T,,,,,0.0
304,20240106_0240118T,,,,,0.0
305,20240106_0240118T,,,,,0.0
306,20240106_0240118T,,,,,0.0
307,20240106_0240118T,,,,,0.0
308,20240106_0240118T,,,,,0.0
309,20240106_0240118T,,,,,0.0
310,20240106_0240118T,,,,,0.0
311,20240106_0240118T,,,,,0.0
312,20240106_0240118T,,,,,0.0
313,20240106_0240118T,,,,,0.0
314,20240106_0240118T,,,,,0.0
315,20240106_0240118T,,,,,0.0
316,20240106_0240118T,,,,,0.0
317,20240106_0240118T,,,,,0.0
318,20240106_0240118T,,,,,0.0
319,20240106_0240118T,,,,,0.0
320,20240106_0240118T,,,,,0.0
321,20240106_0240118T,,,,,0.0
322,20240106_0240118T,,,,,0.0
323,20240106_0240118T,,,,,0.0
324,20240106_0240118T,,,,,0.0
325,20240106_0240118T,,,,,0.0
326,20240106_0240118T,,,,,0.0
327,20240106_0240118T,,,,,0.0
328,20240106_0240118T,,,,,0.0
329,20240106_0240118T,,,,,0.0
330,20240106_0240118T,,,,,0.0
331,20240106_0240118T,,,,,0.0
332,20240106_0240118T,,,,,0.0
333,20240106_0240118T,,,,,0.0
334,20240106_0240118T,,,,,0.0
335,20240106_0240118T,,,,,0.0
336,20240106_0240118T,,,,,0.0
337,20240106_0240118T,,,,,0.0
338,20240106_0240118T,,,,,0.0
339,20240106_0240118T,,,,,0.0
340,20240106_0240118T,,,,,0.0
341,20240106_0240118T,,,,,0.0
342,20240106_0240118T,,,,,0.0
1,20240118_0240130T,26.935,43.204,4.331,0.46,0.0
2,20240118_0240130T,26.873,49.591,5.029,0.421,0.0
3,20240118_0240130T,26.408,53.931,6.609,0.421,0.0
4,20240118_0240130T,25.704,53.931,8.572,0.347,0.0
5,20240118_0240130T,21.664,50.923,9.378,0.313,0.0
6,20240118_0240130T,22.033,48.731,10.06,0.272,100.0
7,20240118_0240130T,26.074,48.731,8.139,0.314,0.0
8,20240118_0240130T,24.849,47.811,7.379,0.327,0.0
9,20240118_0240130T,23.883,50.235,9.155,0.273,100.0
10,20240118_0240130T,23.121,50.235,10.633,0.25,100.0
11,20240118_0240130T,24.108,57.13,10.731,0.252,100.0
12,20240118_0240130T,24.197,57.13,10.44,0.269,100.0
13,20240118_0240130T,23.377,57.13,10.231,0.285,100.0
14,20240118_0240130T,23.686,56.925,10.205,0.277,100.0
15,20240118_0240130T,24.252,56.925,10.289,0.239,100.0
16,20240118_0240130T,21.396,54.677,11.731,0.227,100.0
17,20240118_0240130T,14.894,45.482,13.587,0.217,100.0
18,20240118_0240130T,12.834,52.365,15.275,0.232,100.0
19,20240118_0240130T,19.772,62.847,17.001,0.248,100.0
20,20240118_0240130T,28.493,53.457,10.917,0.237,100.0
21,20240118_0240130T,30.967,62.344,11.292,0.246,100.0
22,20240118_0240130T,33.952,57.46,10.949,0.28,100.0
23,20240118_0240130T,35.716,64.708,9.807,0.329,0.0
24,20240118_0240130T,36.427,66.973,11.344,0.319,0.0
25,20240118_0240130T,37.053,66.973,12.76,0.291,100.0
26,20240118_0240130T,39.028,65.952,11.559,0.294,100.0
27,20240118_0240130T,38.81,65.952,10.888,0.302,0.0
28,20240118_0240130T,34.196,62.611,11.537,0.262,100.0
29,20240118_0240130T,33.312,61.434,10.308,0.258,100.0
30,20240118_0240130T,38.292,69.161,11.124,0.243,100.0
31,20240118_0240130T,41.757,69.161,10.019,0.241,100.0
32,20240118_0240130T,42.407,68.672,10.026,0.255,100.0
33,20240118_0240130T,41.583,68.672,10.087,0.252,100.0
34,20240118_0240130T,40.839,66.676,9.132,0.245,100.0
35,20240118_0240130T,40.118,58.362,8.187,0.31,0.0
36,20240118_0240130T,37.766,59.342,8.337,0.308,0.0
37,20240118_0240130T,37.858,59.988,8.653,0.279,100.0
38,20240118_0240130T,38.331,59.988,7.273,0.331,0.0
39,20240118_0240130T,37.408,58.907,5.843,0.408,0.0
40,20240118_0240130T,39.175,71.182,7.435,0.347,0.0
41,20240118_0240130T,42.185,75.38,9.964,0.243,100.0
42,20240118_0240130T,39.464,75.38,11.531,0.248,100.0
43,20240118_0240130T,38.598,65.028,10.746,0.285,100.0
44,20240118_0240130T,41.637,70.094,10.815,0.304,0.0
45,20240118_0240130T,42.781,70.094,11.076,0.299,100.0
46,20240118_0240130T,46.242,70.519,9.501,0.248,100.0
47,20240118_0240130T,40.397,71.82,12.311,0.286,100.0
48,20240118_0240130T,32.978,63.248,10.832,0.282,100.0
49,20240118_0240130T,36.949,73.123,12.101,0.254,100.0
50,20240118_0240130T,41.008,73.123,11.631,0.219,100.0
51,20240118_0240130T,39.588,66.542,9.459,0.278,100.0
52,20240118_0240130T,39.079,65.16,4.963,0.427,0.0
53,20240118_0240130T,37.836,52.064,3.385,0.502,0.0
54,20240118_0240130T,36.295,53.142,4.686,0.448,0.0
55,20240118_0240130T,31.888,53.142,8.724,0.368,0.0
56,20240118_0240130T,26.339,49.782,9.367,0.345,0.0
57,20240118_0240130T,26.408,63.679,9.74,0.352,0.0
58,20240118_0240130T,34.287,77.195,13.955,0.294,100.0
59,20240118_0240130T,37.594,77.195,14.982,0.263,100.0
60,20240118_0240130T,35.194,86.382,14.689,0.278,100.0
61,20240118_0240130T,23.505,69.495,18.162,0.211,100.0
62,20240118_0240130T,13.005,45.959,13.073,0.196,100.0
63,20240118_0240130T,9.432,45.959,13.556,0.239,100.0
64,20240118_0240130T,9.57,40.092,12.733,0.255,100.0
65,20240118_0240130T,12.926,39.913,10.602,0.294,100.0
66,20240118_0240130T,10.8,38.923,8.421,0.355,0.0
67,20240118_0240130T,7.672,32.755,8.314,0.349,0.0
68,20240118_0240130T,7.203,36.856,9.803,0.309,0.0
69,20240118_0240130T,6.844,36.856,8.886,0.326,0.0
70,20240118_0240130T,3.568,24.397,7.136,0.43,0.0
71,20240118_0240130T,-0.71,24.397,6.62,0.483,0.0
72,20240118_0240130T,-1.787,20.636,7.174,0.464,0.0
73,20240118_0240130T,2.801,31.176,9.01,0.366,0.0
74,20240118_0240130T,4.12,31.176,8.875,0.303,0.0
75,20240118_0240130T,3.655,29.815,7.671,0.324,0.0
76,20240118_0240130T,3.649,29.815,6.328,0.366,0.0
77,20240118_0240130T,3.777,22.174,4.435,0.465,0.0
78,20240118_0240130T,4.377,18.952,3.63,0.544,0.0
79,20240118_0240130T,3.585,21.576,5.668,0.437,0.0
80,20240118_0240130T,2.049,21.576,7.105,0.371,0.0
81,20240118_0240130T,-0.394,22.086,8.91,0.298,100.0
82,20240118_0240130T,-0.215,25.751,9.744,0.277,100.0
83,20240118_0240130T,0.465,25.751,7.963,0.339,0.0
84,20240118_0240130T,0.041,23.472,8.134,0.313,0.0
85,20240118_0240130T,0.226,23.472,8.554,0.261,100.0
86,20240118_0240130T,1.264,27.201,7.782,0.319,0.0
87,20240118_0240130T,1.794,27.201,7.858,0.352,0.0
88,20240118_0240130T,2.793,26.282,8.84,0.333,0.0
89,20240118_0240130T,4.853,32.793,10.17,0.283,100.0
90,20240118_0240130T,2.611,32.793,10.971,0.238,100.0
91,20240118_0240130T,-1.023,30.744,8.963,0.326,0.0
92,20240118_0240130T,-1.927,16.863,5.788,0.436,0.0
93,20240118_0240130T,-3.786,16.863,8.909,0.364,0.0
94,20240118_0240130T,-6.391,25.954,11.971,0.302,0.0
95,20240118_0240130T,-4.042,25.954,10.84,0.312,0.0
96,20240118_0240130T,-1.989,25.954,7.025,0.411,0.0
97,20240118_0240130T,-4.094,14.04,6.65,0.417,0.0
98,20240118_0240130T,-7.556,14.031,8.989,0.356,0.0
99,20240118_0240130T,-9.984,15.6,9.628,0.301,0.0
100,20240118_0240130T,-10.722,20.204,10.372,0.275,100.0
101,20240118_0240130T,-13.384,15.489,10.979,0.277,100.0
102,20240118_0240130T,-14.663,15.489,10.804,0.256,100.0
103,20240118_0240130T,-13.302,13.344,8.395,0.354,0.0
104,20240118_0240130T,-11.628,4.806,5.701,0.458,0.0
105,20240118_0240130T,-11.01,8.633,6.527,0.418,0.0
106,20240118_0240130T,-11.066,25.42,9.394,0.308,0.0
107,20240118_0240130T,-9.25,25.42,10.925,0.243,100.0
108,20240118_0240130T,-11.823,29.602,12.079,0.224,100.0
109,20240118_0240130T,-11.711,29.602,11.546,0.252,100.0
110,20240118_0240130T,-11.12,13.965,9.831,0.291,100.0
111,20240118_0240130T,-9.829,20.468,8.702,0.321,0.0
112,20240118_0240130T,-6.721,20.468,6.664,0.365,0.0
113,20240118_0240130T,-6.791,13.335,7.061,0.368,0.0
114,20240118_0240130T,-6.586,26.793,7.838,0.308,0.0
115,20240118_0240130T,-5.756,26.793,7.589,0.293,100.0
116,20240118_0240130T,-5.557,26.793,6.811,0.37,0.0
117,20240118_0240130T,-7.381,9.975,5.863,0.428,0.0
118,20240118_0240130T,-9.456,9.653,6.451,0.46,0.0
119,20240118_0240130T,-10.736,6.014,6.312,0.449,0.0
120,20240118_0240130T,-8.022,6.014,5.295,0.446,0.0
121,20240118_0240130T,-6.417,8.061,4.163,0.463,0.0
122,20240118_0240130T,-5.976,10.308,4.769,0.435,0.0
123,20240118_0240130T,-6.236,10.308,5.522,0.38,0.0
124,20240118_0240130T,-5.589,14.097,5.059,0.405,0.0
125,20240118_0240130T,-5.964,14.097,4.763,0.45,0.0
126,20240118_0240130T,-7.151,5.552,4.417,0.466,0.0
127,20240118_0240130T,-6.804,12.59,4.24,0.478,0.0
128,20240118_0240130T,-5.351,12.871,5.02,0.448,0.0
129,20240118_0240130T,-2.344,15.65,4.918,0.436,0.0
130,20240118_0240130T,-1.283,15.65,4.465,0.496,0.0
131,20240118_0240130T,-2.841,15.65,5.883,0.463,0.0
132,20240118_0240130T,-2.461,16.513,6.069,0.439,0.0
133,20240118_0240130T,0.333,28.136,5.816,0.424,0.0
134,20240118_0240130T,0.864,28.136,5.796,0.423,0.0
135,20240118_0240130T,-1.076,17.149,4.822,0.457,0.0
136,20240118_0240130T,-2.691,13.885,4.901,0.432,0.0
137,20240118_0240130T,-3.482,14.524,5.048,0.428,0.0
138,20240118_0240130T,-4.809,14.524,4.41,0.447,0.0
139,20240118_0240130T,-5.226,12.616,5.767,0.368,0.0
140,20240118_0240130T,-4.543,17.499,6.551,0.361,0.0
141,20240118_0240130T,-4.076,17.499,6.965,0.346,0.0
142,20240118_0240130T,-4.762,17.005,7.428,0.336,0.0
143,20240118_0240130T,-6.943,12.554,7.395,0.359,0.0
144,20240118_0240130T,-9.307,10.869,8.022,0.352,0.0
145,20240118_0240130T,-10.4,17.257,7.897,0.351,0.0
146,20240118_0240130T,-10.027,17.257,7.423,0.409,0.0
147,20240118_0240130T,-11.078,5.942,8.408,0.405,0.0
148,20240118_0240130T,-13.504,5.422,10.251,0.319,0.0
149,20240118_0240130T,-18.895,-6.753,9.584,0.16,100.0
150,20240118_0240130T,,,,,0.0
151,20240118_0240130T,,,,,0.0
152,20240118_0240130T,,,,,0.0
153,20240118_0240130T,,,,,0.0
154,20240118_0240130T,,,,,0.0
155,20240118_0240130T,,,,,0.0
156,20240118_0240130T,,,,,0.0
157,20240118_0240130T,,,,,0.0
158,20240118_0240130T,,,,,0.0
159,20240118_0240130T,,,,,0.0
160,20240118_0240130T,,,,,0.0
161,20240118_0240130T,,,,,0.0
162,20240118_0240130T,,,,,0.0
163,20240118_0240130T,,,,,0.0
164,20240118_0240130T,,,,,0.0
165,20240118_0240130T,,,,,0.0
166,20240118_0240130T,,,,,0.0
167,20240118_0240130T,,,,,0.0
168,20240118_0240130T,,,,,0.0
169,20240118_0240130T,,,,,0.0
170,20240118_0240130T,,,,,0.0
171,20240118_0240130T,,,,,0.0
172,20240118_0240130T,,,,,0.0
173,20240118_0240130T,,,,,0.0
174,20240118_0240130T,,,,,0.0
175,20240118_0240130T,,,,,0.0
176,20240118_0240130T,,,,,0.0
177,20240118_0240130T,,,,,0.0
178,20240118_0240130T,,,,,0.0
179,20240118_0240130T,,,,,0.0
180,20240118_0240130T,,,,,0.0
181,20240118_0240130T,,,,,0.0
182,20240118_0240130T,,,,,0.0
183,20240118_0240130T,,,,,0.0
184,20240118_0240130T,,,,,0.0
185,20240118_0240130T,,,,,0.0
186,20240118_0240130T,,,,,0.0
187,20240118_0240130T,,,,,0.0
188,20240118_0240130T,,,,,0.0
189,20240118_0240130T,,,,,0.0
190,20240118_0240130T,,,,,0.0
191,20240118_0240130T,,,,,0.0
192,20240118_0240130T,,,,,0.0
193,20240118_0240130T,,,,,0.0
194,20240118_0240130T,,,,,0.0
195,20240118_0240130T,,,,,0.0
196,20240118_0240130T,,,,,0.0
197,20240118_0240130T,,,,,0.0
198,20240118_0240130T,,,,,0.0
199,20240118_0240130T,,,,,0.0
200,20240118_0240130T,,,,,0.0
201,20240118_0240130T,,,,,0.0
202,20240118_0240130T,,,,,0.0
203,20240118_0240130T,,,,,0.0
204,20240118_0240130T,,,,,0.0
205,20240118_0240130T,,,,,0.0
206,20240118_0240130T,,,,,0.0
207,20240118_0240130T,,,,,0.0
208,20240118_0240130T,,,,,0.0
209,20240118_0240130T,,,,,0.0
210,20240118_0240130T,,,,,0.0
211,20240118_0240130T,,,,,0.0
212,20240118_0240130T,,,,,0.0
213,20240118_0240130T,,,,,0.0
214,20240118_0240130T,,,,,0.0
215,20240118_0240130T,,,,,0.0
216,20240118_0240130T,,,,,0.0
217,20240118_0240130T,,,,,0.0
218,20240118_0240130T,,,,,0.0
219,20240118_0240130T,,,,,0.0
220,20240118_0240130T,,,,,0.0
221,20240118_0240130T,,,,,0.0
222,20240118_0240130T,,,,,0.0
223,20240118_0240130T,,,,,0.0
224,20240118_0240130T,,,,,0.0
225,20240118_0240130T,,,,,0.0
226,20240118_0240130T,,,,,0.0
227,20240118_0240130T,,,,,0.0
228,20240118_0240130T,,,,,0.0
229,20240118_0240130T,,,,,0.0
230,20240118_0240130T,,,,,0.0
231,20240118_0240130T,,,,,0.0
232,20240118_0240130T,,,,,0.0
233,20240118_0240130T,,,,,0.0
234,20240118_0240130T,,,,,0.0
235,20240118_0240130T,,,,,0.0
236,20240118_0240130T,,,,,0.0
237,20240118_0240130T,,,,,0.0
238,20240118_0240130T,,,,,0.0
239,20240118_0240130T,,,,,0.0
240,20240118_0240130T,,,,,0.0
241,20240118_0240130T,,,,,0.0
242,20240118_0240130T,,,,,0.0
243,20240118_0240130T,,,,,0.0
244,20240118_0240130T,,,,,0.0
245,20240118_0240130T,,,,,0.0
246,20240118_0240130T,,,,,0.0
247,20240118_0240130T,,,,,0.0
248,20240118_0240130T,,,,,0.0
249,20240118_0240130T,,,,,0.0
250,20240118_0240130T,,,,,0.0
251,20240118_0240130T,,,,,0.0
252,20240118_0240130T,,,,,0.0
253,20240118_0240130T,,,,,0.0
254,20240118_0240130T,,,,,0.0
255,20240118_0240130T,,,,,0.0
256,20240118_0240130T,,,,,0.0
257,20240118_0240130T,,,,,0.0
258,20240118_0240130T,,,,,0.0
259,20240118_0240130T,,,,,0.0
260,20240118_0240130T,,,,,0.0
261,20240118_0240130T,,,,,0.0
262,20240118_0240130T,,,,,0.0
263,20240118_0240130T,,,,,0.0
264,20240118_0240130T,,,,,0.0
265,20240118_0240130T,,,,,0.0
266,20240118_0240130T,,,,,0.0
267,20240118_0240130T,,,,,0.0
268,20240118_0240130T,,,,,0.0
269,20240118_0240130T,,,,,0.0
270,20240118_0240130T,,,,,0.0
271,20240118_0240130T,,,,,0.0
272,20240118_0240130T,,,,,0.0
273,20240118_0240130T,,,,,0.0
274,20240118_0240130T,,,,,0.0
275,20240118_0240130T,,,,,0.0
276,20240118_0240130T,,,,,0.0
277,20240118_0240130T,,,,,0.0
278,20240118_0240130T,,,,,0.0
279,20240118_0240130T,,,,,0.0
280,20240118_0240130T,,,,,0.0
281,20240118_0240130T,,,,,0.0
282,20240118_0240130T,,,,,0.0
283,20240118_0240130T,,,,,0.0
284,20240118_0240130T,,,,,0.0
285,20240118_0240130T,,,,,0.0
286,20240118_0240130T,,,,,0.0
287,20240118_0240130T,,,,,0.0
288,20240118_0240130T,,,,,0.0
289,20240118_0240130T,,,,,0.0
290,20240118_0240130T,,,,,0.0
291,20240118_0240130T,,,,,0.0
292,20240118_0240130T,,,,,0.0
293,20240118_0240130T,,,,,0.0
294,20240118_0240130T,,,,,0.0
295,20240118_0240130T,,,,,0.0
296,20240118_0240130T,,,,,0.0
297,20240118_0240130T,,,,,0.0
298,20240118_0240130T,,,,,0.0
299,20240118_0240130T,,,,,0.0
300,20240118_0240130T,,,,,0.0
301,20240118_0240130T,,,,,0.0
302,20240118_0240130T,,,,,0.0
303,20240118_0240130T,,,,,0.0
304,20240118_0240130T,,,,,0.0
305,20240118_0240130T,,,,,0.0
306,20240118_0240130T,,,,,0.0
307,20240118_0240130T,,,,,0.0
308,20240118_0240130T,,,,,0.0
309,20240118_0240130T,,,,,0.0
310,20240118_0240130T,,,,,0.0
311,20240118_0240130T,,,,,0.0
312,20240118_0240130T,,,,,0.0
313,20240118_0240130T,,,,,0.0
314,20240118_0240130T,,,,,0.0
315,20240118_0240130T,,,,,0.0
316,20240118_0240130T,,,,,0.0
317,20240118_0240130T,,,,,0.0
318,20240118_0240130T,,,,,0.0
319,20240118_0240130T,,,,,0.0
320,20240118_0240130T,,,,,0.0
321,20240118_0240130T,,,,,0.0
322,20240118_0240130T,,,,,0.0
323,20240118_0240130T,,,,,0.0
324,20240118_0240130T,,,,,0.0
325,20240118_0240130T,,,,,0.0
326,20240118_0240130T,,,,,0.0
327,20240118_0240130T,,,,,0.0
328,20240118_0240130T,,,,,0.0
329,20240118_0240130T,,,,,0.0
330,20240118_0240130T,,,,,0.0
331,20240118_0240130T,,,,,0.0
332,20240118_0240130T,,,,,0.0
333,20240118_0240130T,,,,,0.0
334,20240118_0240130T,,,,,0.0
335,20240118_0240130T,,,,,0.0
336,20240118_0240130T,,,,,0.0
337,20240118_0240130T,,,,,0.0
338,20240118_0240130T,,,,,0.0
339,20240118_0240130T,,,,,0.0
340,20240118_0240130T,,,,,0.0
341,20240118_0240130T,,,,,0.0
342,20240118_0240130T,,,,,0.0
